f_city_code,f_month_num,f_month_name,f_avg_temp_c,f_avg_rainfall_mm,f_weather_profile_code,f_season_code,f_best_time_to_visit_flag,f_weather_summary
HKG,1,January,15.6,36,humid_subtropical,cool_dry,no,cool and dry
HKG,2,February,17.1,53,humid_subtropical,cool_dry,no,cool with rising humidity
HKG,3,March,19.6,78,humid_subtropical,shoulder,no,milder with light spring rain
HKG,4,April,22.7,132,humid_subtropical,pleasant_peak,yes,warm and generally pleasant
HKG,5,May,25.4,217,humid_subtropical,pleasant_peak,yes,warm and humid before peak rains
HKG,6,June,27.1,322,humid_subtropical,wet_season,no,hot and very wet
HKG,7,July,27.6,263,humid_subtropical,wet_season,no,hottest month with heavy rain
HKG,8,August,27.4,311,humid_subtropical,wet_season,no,hot humid and storm-prone
HKG,9,September,26.6,225,humid_subtropical,pleasant_peak,yes,warm with easing rain
HKG,10,October,24.5,75,humid_subtropical,pleasant_peak,yes,warm and drier
HKG,11,November,21.0,47,humid_subtropical,pleasant_peak,yes,mild and dry
HKG,12,December,16.7,37,humid_subtropical,cool_dry,no,cool dry and comfortable
YVR,1,January,2.9,312,marine_west_coast,wet_cool,no,cold and very wet
YVR,2,February,3.2,200,marine_west_coast,wet_cool,no,cool and rainy
YVR,3,March,4.9,257,marine_west_coast,wet_cool,no,cool with frequent rain
YVR,4,April,7.8,181,marine_west_coast,shoulder,no,milder with less rain
YVR,5,May,11.8,120,marine_west_coast,shoulder,no,pleasant spring weather
YVR,6,June,14.7,103,marine_west_coast,summer_peak,yes,mild and relatively dry
YVR,7,July,17.9,56,marine_west_coast,summer_peak,yes,warmest and driest month
YVR,8,August,18.2,75,marine_west_coast,summer_peak,yes,warm and sunny
YVR,9,September,14.8,123,marine_west_coast,summer_peak,yes,mild early autumn weather
YVR,10,October,10.0,253,marine_west_coast,autumn_shoulder,no,cooler with returning rain
YVR,11,November,5.5,362,marine_west_coast,wet_cool,no,cold and wettest month
YVR,12,December,2.7,309,marine_west_coast,wet_cool,no,cold wet winter weather
SUB,1,January,26.7,296,tropical_savanna,wet_season,no,hot and very wet
SUB,2,February,26.6,265,tropical_savanna,wet_season,no,hot with heavy rain
SUB,3,March,27.0,276,tropical_savanna,wet_season,no,hot and humid
SUB,4,April,27.3,193,tropical_savanna,wet_season,no,hot with easing rain
SUB,5,May,27.6,92,tropical_savanna,shoulder,no,hot and drier
SUB,6,June,27.2,54,tropical_savanna,dry_season,yes,warm and relatively dry
SUB,7,July,27.1,26,tropical_savanna,dry_season,yes,warm dry season
SUB,8,August,27.4,9,tropical_savanna,dry_season,yes,driest month and warm
SUB,9,September,28.1,22,tropical_savanna,dry_season,yes,hottest dry-season stretch
SUB,10,October,28.4,75,tropical_savanna,shoulder,no,hottest month with limited rain
SUB,11,November,27.9,184,tropical_savanna,wet_season,no,humid with rains returning
SUB,12,December,27.1,281,tropical_savanna,wet_season,no,hot and wet
SGN,1,January,26.1,28,tropical_savanna,dry_season,yes,warm and dry
SGN,2,February,27.1,11,tropical_savanna,dry_season,yes,driest and sunny
SGN,3,March,28.3,27,tropical_savanna,dry_season,no,hot and dry
SGN,4,April,28.9,74,tropical_savanna,dry_season,no,hottest pre-rain month
SGN,5,May,28.1,204,tropical_savanna,wet_season,no,humid with wet season onset
SGN,6,June,27.1,248,tropical_savanna,wet_season,no,hot and rainy
SGN,7,July,26.8,260,tropical_savanna,wet_season,no,warm and very wet
SGN,8,August,26.7,279,tropical_savanna,wet_season,no,warm and rainy
SGN,9,September,26.5,308,tropical_savanna,wet_season,no,wettest month
SGN,10,October,26.3,262,tropical_savanna,wet_season,no,warm with heavy rain
SGN,11,November,26.3,142,tropical_savanna,dry_season,yes,warm with rain easing
SGN,12,December,26.0,66,tropical_savanna,dry_season,yes,warm and relatively dry
TRV,1,January,25.6,34,tropical_monsoon,dry_season,yes,warm and drier
TRV,2,February,26.1,57,tropical_monsoon,dry_season,yes,warm with limited rain
TRV,3,March,26.6,125,tropical_monsoon,dry_season,yes,hotter and more humid
TRV,4,April,26.9,190,tropical_monsoon,pre_monsoon,no,humid with rising storms
TRV,5,May,26.6,236,tropical_monsoon,pre_monsoon,no,humid and rainy
TRV,6,June,25.4,319,tropical_monsoon,monsoon,no,wet southwest monsoon
TRV,7,July,25.0,224,tropical_monsoon,monsoon,no,warm and rainy
TRV,8,August,25.0,186,tropical_monsoon,monsoon,no,warm monsoon weather
TRV,9,September,25.3,172,tropical_monsoon,shoulder,no,warm with easing rains
TRV,10,October,25.4,317,tropical_monsoon,northeast_monsoon,no,very wet second rain peak
TRV,11,November,25.4,252,tropical_monsoon,northeast_monsoon,no,warm and wet
TRV,12,December,25.5,85,tropical_monsoon,dry_season,yes,warm and drier
TPE,1,January,16.5,83.2,humid_subtropical,cool_wet,no,cool and damp
TPE,2,February,16.9,170.3,humid_subtropical,cool_wet,no,cool and wetter
TPE,3,March,19.0,180.4,humid_subtropical,spring,no,milder spring weather
TPE,4,April,22.4,177.8,humid_subtropical,pleasant_peak,yes,warm and comfortable
TPE,5,May,25.8,234.5,humid_subtropical,pleasant_peak,yes,warm with heavier rain
TPE,6,June,28.3,325.9,humid_subtropical,pleasant_peak,yes,hot with plum-rain season
TPE,7,July,30.3,245.1,humid_subtropical,typhoon_summer,no,hottest month
TPE,8,August,30.0,322.1,humid_subtropical,typhoon_summer,no,very hot and storm-prone
TPE,9,September,28.0,360.5,humid_subtropical,typhoon_summer,no,wettest month
TPE,10,October,24.9,148.9,humid_subtropical,autumn_shoulder,no,warm with easing rain
TPE,11,November,21.8,83.1,humid_subtropical,autumn_shoulder,no,mild and more settled
TPE,12,December,18.2,73.3,humid_subtropical,cool_wet,no,cool and relatively dry
SYD,1,January,22.8,79,humid_subtropical,summer,yes,warm summer weather
SYD,2,February,22.6,105,humid_subtropical,summer,yes,warm and lively high season
SYD,3,March,21.3,86,humid_subtropical,autumn_shoulder,yes,warm and pleasant
SYD,4,April,18.8,89,humid_subtropical,autumn_shoulder,yes,mild and comfortable
SYD,5,May,15.8,85,humid_subtropical,autumn_shoulder,yes,cooler but pleasant
SYD,6,June,13.6,101,humid_subtropical,winter,no,mild winter and wetter
SYD,7,July,12.7,57,humid_subtropical,winter,no,coolest month
SYD,8,August,13.5,59,humid_subtropical,winter,no,cool and relatively dry
SYD,9,September,16.0,54,humid_subtropical,spring,yes,mild and dry
SYD,10,October,18.0,59,humid_subtropical,spring,yes,pleasant spring weather
SYD,11,November,19.7,77,humid_subtropical,spring,yes,warm and comfortable
SYD,12,December,21.4,61,humid_subtropical,summer,yes,warm early summer
SZG,1,January,-2.2,120,temperate_oceanic,winter,no,cold and snowy-wet
SZG,2,February,-0.8,108,temperate_oceanic,winter,no,cold with persistent precipitation
SZG,3,March,3.4,145,temperate_oceanic,spring,no,chilly early spring
SZG,4,April,8.5,129,temperate_oceanic,spring,no,cool spring weather
SZG,5,May,13.1,200,temperate_oceanic,spring,no,mild and greener
SZG,6,June,16.7,218,temperate_oceanic,summer_peak,yes,warm and scenic
SZG,7,July,18.2,222,temperate_oceanic,summer_peak,yes,warmest month
SZG,8,August,17.9,195,temperate_oceanic,summer_peak,yes,warm alpine summer
SZG,9,September,13.6,170,temperate_oceanic,summer_peak,yes,cooler but pleasant
SZG,10,October,9.2,121,temperate_oceanic,autumn,no,cool autumn weather
SZG,11,November,3.6,116,temperate_oceanic,winter,no,cold and grey
SZG,12,December,-0.8,126,temperate_oceanic,winter,no,cold winter period
PEN,1,January,27.0,78,tropical_rainforest,shoulder,no,warm with moderate rain
PEN,2,February,27.8,65,tropical_rainforest,pleasant_peak,yes,warmest and driest period
PEN,3,March,28.1,106,tropical_rainforest,pleasant_peak,yes,hot with manageable rain
PEN,4,April,28.6,160,tropical_rainforest,pleasant_peak,yes,hot and humid
PEN,5,May,28.8,152,tropical_rainforest,humid_season,no,hot with frequent showers
PEN,6,June,28.6,85,tropical_rainforest,humid_season,no,hot and relatively drier
PEN,7,July,28.2,102,tropical_rainforest,humid_season,no,warm tropical weather
PEN,8,August,28.3,122,tropical_rainforest,humid_season,no,warm and humid
PEN,9,September,27.7,126,tropical_rainforest,wettest_season,no,humid with more rain
PEN,10,October,27.9,178,tropical_rainforest,wettest_season,no,very humid and wet
PEN,11,November,27.5,193,tropical_rainforest,wettest_season,no,rainiest month
PEN,12,December,27.3,123,tropical_rainforest,wettest_season,no,warm with lingering rain
NGO,1,January,3.0,57,humid_subtropical,winter,no,cold and relatively dry
NGO,2,February,4.1,68,humid_subtropical,winter,no,cool late winter weather
NGO,3,March,7.6,109,humid_subtropical,spring,no,milder early spring
NGO,4,April,12.9,124,humid_subtropical,spring,no,pleasant spring weather
NGO,5,May,17.8,147,humid_subtropical,spring,no,warm and greener
NGO,6,June,21.8,182,humid_subtropical,rainy_season,no,warm and wetter
NGO,7,July,25.5,177,humid_subtropical,rainy_season,no,hot and humid
NGO,8,August,26.6,121,humid_subtropical,summer_peak,yes,hottest month
NGO,9,September,23.1,197,humid_subtropical,typhoon_risk,no,warm with peak rain
NGO,10,October,17.1,168,humid_subtropical,autumn,no,cooler and pleasant
NGO,11,November,11.0,88,humid_subtropical,autumn,no,cool and drier
NGO,12,December,5.5,57,humid_subtropical,winter,no,cold early winter
RUH,1,January,14.5,11,desert_hot,winter_peak,yes,mild and dry
RUH,2,February,17.5,15,desert_hot,winter_peak,yes,pleasant and dry
RUH,3,March,22.0,23,desert_hot,shoulder,yes,warming up with low rain
RUH,4,April,27.9,25,desert_hot,shoulder,no,hot and dry
RUH,5,May,33.0,12,desert_hot,hot_season,no,very hot and arid
RUH,6,June,35.8,0,desert_hot,hot_season,no,extreme dry heat
RUH,7,July,36.5,0,desert_hot,hot_season,no,hottest month with no rain
RUH,8,August,36.3,0,desert_hot,hot_season,no,intense heat and dry air
RUH,9,September,33.0,0,desert_hot,hot_season,no,still very hot and dry
RUH,10,October,28.3,1,desert_hot,shoulder,no,hot days with easing heat
RUH,11,November,21.6,8,desert_hot,winter_peak,yes,warm and comfortable
RUH,12,December,16.3,11,desert_hot,winter_peak,yes,mild winter weather
BKK,1,January,28.6,9,tropical_savanna,dry_season,yes,hot and dry
BKK,2,February,30.1,20,tropical_savanna,dry_season,yes,very warm and mostly dry
BKK,3,March,31.7,42,tropical_savanna,hot_season,no,hottest stretch before rains
BKK,4,April,32.2,91,tropical_savanna,hot_season,no,oppressively hot with storms
BKK,5,May,31.2,248,tropical_savanna,wet_season,no,humid with monsoon onset
BKK,6,June,30.5,157,tropical_savanna,wet_season,no,hot and rainy
BKK,7,July,29.9,175,tropical_savanna,wet_season,no,warm with frequent rain
BKK,8,August,29.8,219,tropical_savanna,wet_season,no,humid and wet
BKK,9,September,29.5,334,tropical_savanna,wet_season,no,wettest month
BKK,10,October,29.0,292,tropical_savanna,wet_season,no,warm and very rainy
BKK,11,November,28.0,50,tropical_savanna,dry_season,yes,warm with improving weather
BKK,12,December,26.5,6,tropical_savanna,dry_season,yes,warm and driest period
BNE,1,January,25.8,124,humid_subtropical,summer_peak,yes,warm summer weather
BNE,2,February,25.4,153,humid_subtropical,summer_peak,yes,warm and humid
BNE,3,March,24.0,131,humid_subtropical,autumn_shoulder,yes,warm with easing humidity
BNE,4,April,21.6,89,humid_subtropical,autumn_shoulder,yes,pleasant and drier
BNE,5,May,18.0,70,humid_subtropical,autumn_shoulder,yes,mild and comfortable
BNE,6,June,15.5,57,humid_subtropical,winter,no,mild and relatively dry
BNE,7,July,15.0,47,humid_subtropical,winter,no,coolest and driest month
BNE,8,August,17.2,39,humid_subtropical,winter,no,mild late winter weather
BNE,9,September,20.1,36,humid_subtropical,spring,yes,warm and dry
BNE,10,October,22.5,71,humid_subtropical,spring,yes,pleasant spring weather
BNE,11,November,24.1,98,humid_subtropical,spring,yes,warm with moderate rain
BNE,12,December,25.3,129,humid_subtropical,summer_peak,yes,warm and lively summer period
BOM,1,January,24.5,1,tropical_monsoon,dry_season,yes,warm and very dry
BOM,2,February,25.2,1,tropical_monsoon,dry_season,yes,warm dry weather
BOM,3,March,27.4,0,tropical_monsoon,dry_season,yes,hot and dry
BOM,4,April,29.4,1,tropical_monsoon,pre_monsoon,no,very hot and humid
BOM,5,May,30.1,12,tropical_monsoon,pre_monsoon,no,hottest pre-monsoon month
BOM,6,June,28.5,523,tropical_monsoon,monsoon,no,heavy southwest monsoon
BOM,7,July,27.4,840,tropical_monsoon,monsoon,no,extremely wet peak monsoon
BOM,8,August,27.1,585,tropical_monsoon,monsoon,no,warm and very rainy
BOM,9,September,27.5,340,tropical_monsoon,monsoon,no,humid with persistent rain
BOM,10,October,29.0,89,tropical_monsoon,post_monsoon,no,hot with retreating rain
BOM,11,November,28.0,17,tropical_monsoon,dry_season,yes,warm and clearer
BOM,12,December,25.9,5,tropical_monsoon,dry_season,yes,warm and dry
BWN,1,January,27.0,321,tropical_rainforest,wet_season,no,hot and very wet
BWN,2,February,27.3,220,tropical_rainforest,wet_season,no,warm with frequent rain
BWN,3,March,27.7,206,tropical_rainforest,wet_season,no,hot and humid
BWN,4,April,28.0,218,tropical_rainforest,wet_season,no,humid tropical weather
BWN,5,May,28.1,219,tropical_rainforest,humid_season,no,hot with regular showers
BWN,6,June,28.0,246,tropical_rainforest,humid_season,no,humid and wet
BWN,7,July,27.8,255,tropical_rainforest,humid_season,no,warm with frequent rain
BWN,8,August,27.8,274,tropical_rainforest,humid_season,no,humid tropical showers
BWN,9,September,27.8,299,tropical_rainforest,wet_season,no,very wet
BWN,10,October,27.7,314,tropical_rainforest,wet_season,no,rainfall increases further
BWN,11,November,27.4,343,tropical_rainforest,wet_season,no,rainy and humid
BWN,12,December,27.1,349,tropical_rainforest,wet_season,no,wettest part of the year
CPT,1,January,20.0,17,mediterranean,summer_peak,yes,warm dry summer
CPT,2,February,20.1,16,mediterranean,summer_peak,yes,warmest and dry
CPT,3,March,18.9,18,mediterranean,summer_peak,yes,warm and sunny
CPT,4,April,16.9,50,mediterranean,autumn_shoulder,yes,mild with more rain
CPT,5,May,15.1,72,mediterranean,autumn_shoulder,no,cooler with winter rains building
CPT,6,June,13.6,112,mediterranean,winter_wet,no,cool and wet
CPT,7,July,13.0,103,mediterranean,winter_wet,no,cool wet winter weather
CPT,8,August,13.0,90,mediterranean,winter_wet,no,cool with frequent rain
CPT,9,September,14.0,55,mediterranean,spring,yes,mild spring conditions
CPT,10,October,15.8,32,mediterranean,spring,yes,pleasant and drier
CPT,11,November,17.8,18,mediterranean,spring,yes,warm and sunny
CPT,12,December,19.3,14,mediterranean,summer_peak,yes,warm and dry
DAC,1,January,19.1,8,tropical_savanna,dry_season,yes,cooler and dry
DAC,2,February,22.5,19,tropical_savanna,dry_season,yes,warm and dry
DAC,3,March,27.2,44,tropical_savanna,shoulder,no,hotter with rising humidity
DAC,4,April,29.2,127,tropical_savanna,pre_monsoon,no,very warm with storms
DAC,5,May,29.6,267,tropical_savanna,pre_monsoon,no,hot humid and stormy
DAC,6,June,29.0,358,tropical_savanna,monsoon,no,very wet monsoon weather
DAC,7,July,28.7,373,tropical_savanna,monsoon,no,warm and extremely wet
DAC,8,August,28.8,316,tropical_savanna,monsoon,no,humid and rainy
DAC,9,September,28.5,280,tropical_savanna,monsoon,no,warm with heavy rain
DAC,10,October,27.7,180,tropical_savanna,post_monsoon,no,humid with easing rains
DAC,11,November,24.2,34,tropical_savanna,dry_season,yes,warm and much drier
DAC,12,December,20.3,10,tropical_savanna,dry_season,yes,pleasant and dry
DPS,1,January,25.6,296,tropical_monsoon,wet_season,no,hot and very wet
DPS,2,February,25.7,244,tropical_monsoon,wet_season,no,warm with heavy rain
DPS,3,March,25.8,210,tropical_monsoon,wet_season,no,humid tropical weather
DPS,4,April,25.9,131,tropical_monsoon,pleasant_peak,yes,warm with easing rain
DPS,5,May,25.8,74,tropical_monsoon,pleasant_peak,yes,warm and drier
DPS,6,June,25.1,57,tropical_monsoon,dry_season,yes,warm and relatively dry
DPS,7,July,24.3,53,tropical_monsoon,dry_season,yes,cooler dry-season month
DPS,8,August,24.0,42,tropical_monsoon,dry_season,yes,driest month and pleasant
DPS,9,September,24.4,53,tropical_monsoon,dry_season,yes,dry and beach-friendly
DPS,10,October,25.2,68,tropical_monsoon,pleasant_peak,yes,warm with low rain
DPS,11,November,25.7,154,tropical_monsoon,pleasant_peak,yes,warm before wet peak
DPS,12,December,25.7,260,tropical_monsoon,wet_season,no,hot and rainy
MDC,1,January,26.2,180,tropical_rainforest,humid_season,no,warm with tropical showers
MDC,2,February,26.2,140,tropical_rainforest,humid_season,no,warm and humid
MDC,3,March,26.2,175,tropical_rainforest,humid_season,no,humid with regular rain
MDC,4,April,26.4,210,tropical_rainforest,wet_season,no,warm and wetter
MDC,5,May,26.3,275,tropical_rainforest,wet_season,no,humid with rising rainfall
MDC,6,June,26.0,235,tropical_rainforest,wet_season,no,warm and wet
MDC,7,July,25.7,210,tropical_rainforest,wet_season,no,slightly cooler and rainy
MDC,8,August,25.9,190,tropical_rainforest,wet_season,no,warm with frequent showers
MDC,9,September,26.3,145,tropical_rainforest,shoulder,no,warm with easing rain
MDC,10,October,26.5,115,tropical_rainforest,pleasant_peak,yes,warm and relatively drier
MDC,11,November,26.4,140,tropical_rainforest,pleasant_peak,yes,warm tropical weather
MDC,12,December,26.3,190,tropical_rainforest,humid_season,no,warm with heavier showers
PLM,1,January,25.6,254,tropical_rainforest,wet_season,no,hot and very humid
PLM,2,February,25.9,251,tropical_rainforest,wet_season,no,warm and rainy
PLM,3,March,26.1,305,tropical_rainforest,wet_season,no,humid with peak rain
PLM,4,April,26.3,274,tropical_rainforest,wet_season,no,hot and stormy
PLM,5,May,26.4,186,tropical_rainforest,humid_season,no,warm with frequent showers
PLM,6,June,26.2,124,tropical_rainforest,shoulder,no,hot and somewhat drier
PLM,7,July,26.0,116,tropical_rainforest,shoulder,no,warm and relatively drier
PLM,8,August,26.5,84,tropical_rainforest,pleasant_peak,yes,warm with the least rain
PLM,9,September,27.1,88,tropical_rainforest,pleasant_peak,yes,hottest and relatively dry
PLM,10,October,27.0,176,tropical_rainforest,humid_season,no,hot with rainfall returning
PLM,11,November,26.2,255,tropical_rainforest,wet_season,no,humid and rainy
PLM,12,December,25.8,297,tropical_rainforest,wet_season,no,warm and very wet
PNH,1,January,27.0,17,tropical_savanna,dry_season,yes,hot and dry
PNH,2,February,28.4,9,tropical_savanna,dry_season,yes,very warm and driest month
PNH,3,March,29.6,41,tropical_savanna,hot_season,no,very hot before monsoon
PNH,4,April,29.8,86,tropical_savanna,hot_season,no,hottest month with rising storms
PNH,5,May,28.9,163,tropical_savanna,wet_season,no,humid with monsoon onset
PNH,6,June,28.1,157,tropical_savanna,wet_season,no,hot and rainy
PNH,7,July,27.8,159,tropical_savanna,wet_season,no,warm with regular heavy rain
PNH,8,August,27.6,185,tropical_savanna,wet_season,no,humid and wet
PNH,9,September,27.1,255,tropical_savanna,wet_season,no,wettest month
PNH,10,October,27.0,250,tropical_savanna,wet_season,no,warm with late monsoon rain
PNH,11,November,26.6,111,tropical_savanna,dry_season,yes,warm with rains easing
PNH,12,December,26.4,27,tropical_savanna,dry_season,yes,warm and dry
KLU,1,January,-1.8,55,temperate_oceanic,winter,no,cold winter weather
KLU,2,February,-0.4,57,temperate_oceanic,winter,no,cold with low valley precipitation
KLU,3,March,4.4,78,temperate_oceanic,spring,no,chilly early spring
KLU,4,April,9.1,92,temperate_oceanic,spring,no,cool and greener
KLU,5,May,13.8,110,temperate_oceanic,spring,no,mild with more rain
KLU,6,June,17.2,126,temperate_oceanic,summer_peak,yes,warm and scenic
KLU,7,July,19.2,143,temperate_oceanic,summer_peak,yes,warmest month
KLU,8,August,18.6,152,temperate_oceanic,summer_peak,yes,warm alpine summer
KLU,9,September,14.5,121,temperate_oceanic,summer_peak,yes,cooler but still pleasant
KLU,10,October,9.3,93,temperate_oceanic,autumn,no,cool autumn weather
KLU,11,November,3.4,77,temperate_oceanic,winter,no,cold and greyer
KLU,12,December,-0.8,64,temperate_oceanic,winter,no,cold start to winter
SEA,1,January,4.5,181,warm_summer_mediterranean,wet_cool,no,cold and rainy
SEA,2,February,4.8,127,warm_summer_mediterranean,wet_cool,no,cool and damp
SEA,3,March,6.8,145,warm_summer_mediterranean,wet_cool,no,cool with frequent rain
SEA,4,April,9.1,122,warm_summer_mediterranean,shoulder,no,milder spring weather
SEA,5,May,12.7,81,warm_summer_mediterranean,shoulder,yes,pleasant late spring
SEA,6,June,15.7,66,warm_summer_mediterranean,summer_peak,yes,mild and relatively dry
SEA,7,July,19.0,29,warm_summer_mediterranean,summer_peak,yes,warmest and driest month
SEA,8,August,19.3,37,warm_summer_mediterranean,summer_peak,yes,warm and sunny
SEA,9,September,15.8,67,warm_summer_mediterranean,summer_peak,yes,mild early autumn weather
SEA,10,October,11.1,143,warm_summer_mediterranean,autumn_shoulder,no,cooler with rain returning
SEA,11,November,6.9,206,warm_summer_mediterranean,wet_cool,no,cold wettest month
SEA,12,December,4.2,182,warm_summer_mediterranean,wet_cool,no,cold and wet
VIE,1,January,0.0,39,temperate_oceanic,winter,no,cold and relatively dry
VIE,2,February,1.8,37,temperate_oceanic,winter,no,cool late winter weather
VIE,3,March,6.7,41,temperate_oceanic,spring,no,milder early spring
VIE,4,April,12.2,46,temperate_oceanic,spring,yes,pleasant spring weather
VIE,5,May,16.7,66,temperate_oceanic,spring,yes,warm and greener
VIE,6,June,20.4,71,temperate_oceanic,summer_peak,yes,warm early summer
VIE,7,July,21.4,82,temperate_oceanic,summer_peak,yes,warmest month
VIE,8,August,21.0,65,temperate_oceanic,summer_peak,yes,warm and lively
VIE,9,September,16.6,51,temperate_oceanic,autumn_shoulder,yes,mild and comfortable
VIE,10,October,11.5,43,temperate_oceanic,autumn_shoulder,no,cooler with autumn feel
VIE,11,November,5.6,50,temperate_oceanic,winter,no,chilly and greyer
VIE,12,December,1.6,47,temperate_oceanic,winter,no,cold winter weather
KUL,1,January,25.1,231,tropical_rainforest,humid_season,no,warm with frequent rain
KUL,2,February,26.1,188,tropical_rainforest,pleasant_peak,yes,warm and relatively drier
KUL,3,March,26.4,263,tropical_rainforest,humid_season,no,hot and humid
KUL,4,April,26.4,297,tropical_rainforest,wet_season,no,very humid with thunderstorms
KUL,5,May,26.6,226,tropical_rainforest,humid_season,no,hot with regular showers
KUL,6,June,26.6,148,tropical_rainforest,pleasant_peak,yes,warm with a drier spell
KUL,7,July,26.4,155,tropical_rainforest,pleasant_peak,yes,warm and relatively drier
KUL,8,August,26.4,189,tropical_rainforest,pleasant_peak,yes,warm tropical weather
KUL,9,September,26.2,225,tropical_rainforest,humid_season,no,humid with more rain
KUL,10,October,26.0,307,tropical_rainforest,wet_season,no,very wet inter-monsoon period
KUL,11,November,25.5,413,tropical_rainforest,wet_season,no,wettest month
KUL,12,December,25.4,318,tropical_rainforest,wet_season,no,warm and rainy
MLE,1,January,26.8,86,tropical_monsoon,pleasant_peak,yes,warm and sunny
MLE,2,February,27.1,43,tropical_monsoon,pleasant_peak,yes,warmest dry stretch
MLE,3,March,27.8,59,tropical_monsoon,pleasant_peak,yes,warm and beach-friendly
MLE,4,April,28.0,121,tropical_monsoon,shoulder,yes,hot with some showers
MLE,5,May,27.7,234,tropical_monsoon,wet_season,no,humid with more rain
MLE,6,June,27.7,140,tropical_monsoon,wet_season,no,warm and unsettled
MLE,7,July,27.4,148,tropical_monsoon,wet_season,no,warm with frequent showers
MLE,8,August,27.3,154,tropical_monsoon,wet_season,no,humid and rainy
MLE,9,September,27.1,185,tropical_monsoon,wet_season,no,warm with rougher weather
MLE,10,October,27.0,203,tropical_monsoon,wet_season,no,wet and humid
MLE,11,November,26.8,226,tropical_monsoon,wet_season,no,very wet late monsoon
MLE,12,December,26.8,219,tropical_monsoon,shoulder,no,warm with lingering rain
MNL,1,January,24.9,33,tropical_savanna,dry_season,yes,warm and dry
MNL,2,February,25.4,23,tropical_savanna,dry_season,yes,warm and sunny
MNL,3,March,26.7,25,tropical_savanna,dry_season,yes,hot and dry
MNL,4,April,28.3,21,tropical_savanna,dry_season,yes,hottest and still fairly dry
MNL,5,May,28.4,123,tropical_savanna,hot_season,no,hot with rising humidity
MNL,6,June,27.4,183,tropical_savanna,wet_season,no,warm with rainy-season onset
MNL,7,July,26.6,327,tropical_savanna,wet_season,no,very wet peak monsoon
MNL,8,August,26.4,287,tropical_savanna,wet_season,no,humid and storm-prone
MNL,9,September,26.4,264,tropical_savanna,wet_season,no,warm and rainy
MNL,10,October,26.5,218,tropical_savanna,wet_season,no,humid with typhoon risk
MNL,11,November,26.0,130,tropical_savanna,dry_season,yes,warm with improving weather
MNL,12,December,25.3,109,tropical_savanna,dry_season,yes,warm and drier
MAN,1,January,4.0,96,temperate_oceanic,winter,no,cold and damp
MAN,2,February,4.3,74,temperate_oceanic,winter,no,cool and grey
MAN,3,March,6.3,77,temperate_oceanic,spring,no,chilly early spring
MAN,4,April,8.7,73,temperate_oceanic,spring,no,cool but improving
MAN,5,May,11.8,77,temperate_oceanic,spring,yes,mild and greener
MAN,6,June,14.3,85,temperate_oceanic,summer_peak,yes,mild early summer
MAN,7,July,15.7,91,temperate_oceanic,summer_peak,yes,warmest month
MAN,8,August,15.3,90,temperate_oceanic,summer_peak,yes,mild and comfortable
MAN,9,September,13.0,87,temperate_oceanic,autumn_shoulder,no,cooler with some rain
MAN,10,October,9.8,95,temperate_oceanic,autumn_shoulder,no,cool and damp
MAN,11,November,6.5,98,temperate_oceanic,winter,no,chilly late autumn weather
MAN,12,December,4.5,104,temperate_oceanic,winter,no,cold and wettest period
LNZ,1,January,-0.7,65,temperate_oceanic,winter,no,cold and relatively dry
LNZ,2,February,0.5,55,temperate_oceanic,winter,no,cool late winter weather
LNZ,3,March,4.7,74,temperate_oceanic,spring,no,milder early spring
LNZ,4,April,9.9,62,temperate_oceanic,spring,no,pleasant spring weather
LNZ,5,May,14.2,92,temperate_oceanic,spring,yes,mild and green
LNZ,6,June,17.9,92,temperate_oceanic,summer_peak,yes,warm early summer
LNZ,7,July,19.5,98,temperate_oceanic,summer_peak,yes,warmest month
LNZ,8,August,19.3,89,temperate_oceanic,summer_peak,yes,warm and scenic
LNZ,9,September,14.7,79,temperate_oceanic,autumn_shoulder,yes,mild and comfortable
LNZ,10,October,10.0,65,temperate_oceanic,autumn_shoulder,no,cool autumn weather
LNZ,11,November,4.8,62,temperate_oceanic,winter,no,chilly and greyer
LNZ,12,December,0.6,64,temperate_oceanic,winter,no,cold winter weather
CNX,1,January,21.6,8,tropical_savanna,dry_season,yes,coolest and dry
CNX,2,February,24.4,3,tropical_savanna,dry_season,yes,warm and driest month
CNX,3,March,27.1,13,tropical_savanna,hot_season,no,hot and dry
CNX,4,April,29.1,27,tropical_savanna,hot_season,no,hottest month
CNX,5,May,27.4,110,tropical_savanna,wet_season,no,humid with rain starting
CNX,6,June,26.3,129,tropical_savanna,wet_season,no,warm and rainy
CNX,7,July,25.7,162,tropical_savanna,wet_season,no,warm with regular rain
CNX,8,August,25.5,240,tropical_savanna,wet_season,no,wettest month
CNX,9,September,25.2,211,tropical_savanna,wet_season,no,humid and wet
CNX,10,October,24.5,118,tropical_savanna,shoulder,yes,warm with easing rain
CNX,11,November,22.7,53,tropical_savanna,pleasant_peak,yes,warm and comfortable
CNX,12,December,21.1,15,tropical_savanna,pleasant_peak,yes,cool and dry
COK,1,January,26.5,22,tropical_monsoon,dry_season,yes,warm and dry
COK,2,February,27.3,27,tropical_monsoon,dry_season,yes,warm with low rainfall
COK,3,March,28.2,66,tropical_monsoon,shoulder,no,hottest stretch before stronger rains
COK,4,April,28.1,177,tropical_monsoon,pre_monsoon,no,humid with thunderstorms building
COK,5,May,27.3,337,tropical_monsoon,pre_monsoon,no,hot and increasingly wet
COK,6,June,25.9,568,tropical_monsoon,monsoon,no,heavy southwest monsoon
COK,7,July,25.5,514,tropical_monsoon,monsoon,no,very wet peak monsoon month
COK,8,August,25.4,379,tropical_monsoon,monsoon,no,warm and persistently rainy
COK,9,September,25.8,264,tropical_monsoon,monsoon,no,humid with ongoing rain
COK,10,October,26.0,303,tropical_monsoon,post_monsoon,no,warm with retreating rain
COK,11,November,26.2,169,tropical_monsoon,dry_season,yes,warm with much better weather
COK,12,December,26.2,56,tropical_monsoon,dry_season,yes,warm and pleasant
LAX,1,January,11.9,84,warm_summer_mediterranean,winter_wet,no,mild and wetter winter weather
LAX,2,February,12.2,89,warm_summer_mediterranean,winter_wet,no,cool with the most rain
LAX,3,March,14.1,54,warm_summer_mediterranean,shoulder,no,milder with easing rain
LAX,4,April,15.8,19,warm_summer_mediterranean,shoulder,yes,pleasant and drier
LAX,5,May,18.2,11,warm_summer_mediterranean,shoulder,yes,warm and mostly dry
LAX,6,June,21.0,3,warm_summer_mediterranean,summer_peak,yes,warm and dry
LAX,7,July,24.1,2,warm_summer_mediterranean,summer_peak,yes,hot sunny peak season
LAX,8,August,24.5,0,warm_summer_mediterranean,summer_peak,yes,hottest and driest month
LAX,9,September,23.2,4,warm_summer_mediterranean,summer_peak,yes,warm and beach-friendly
LAX,10,October,19.5,17,warm_summer_mediterranean,autumn_shoulder,yes,warm with little rain
LAX,11,November,15.2,31,warm_summer_mediterranean,autumn_shoulder,no,mild and calmer
LAX,12,December,11.8,43,warm_summer_mediterranean,winter_wet,no,cooler with winter rain returning
GRZ,1,January,-1.8,33,temperate_oceanic,winter,no,cold winter weather
GRZ,2,February,0.0,38,temperate_oceanic,winter,no,cold and relatively dry
GRZ,3,March,4.4,50,temperate_oceanic,spring,no,chilly early spring
GRZ,4,April,9.7,60,temperate_oceanic,spring,no,cool and greener
GRZ,5,May,14.0,90,temperate_oceanic,spring,yes,mild and lush
GRZ,6,June,17.8,95,temperate_oceanic,summer_peak,yes,warm early summer
GRZ,7,July,19.4,93,temperate_oceanic,summer_peak,yes,warmest month
GRZ,8,August,18.8,90,temperate_oceanic,summer_peak,yes,warm and scenic
GRZ,9,September,14.5,80,temperate_oceanic,autumn_shoulder,yes,mild and comfortable
GRZ,10,October,9.6,58,temperate_oceanic,autumn_shoulder,no,cool autumn weather
GRZ,11,November,3.8,49,temperate_oceanic,winter,no,chilly and grey
GRZ,12,December,-0.6,41,temperate_oceanic,winter,no,cold start to winter
HYD,1,January,22.2,7,hot_semi_arid,pleasant_peak,yes,warm and dry
HYD,2,February,25.0,3,hot_semi_arid,pleasant_peak,yes,warm and driest month
HYD,3,March,28.5,12,hot_semi_arid,hot_season,no,hot and dry
HYD,4,April,31.3,20,hot_semi_arid,hot_season,no,very hot and arid
HYD,5,May,32.0,34,hot_semi_arid,hot_season,no,hottest month before monsoon
HYD,6,June,28.3,109,hot_semi_arid,monsoon,yes,hot with monsoon relief
HYD,7,July,25.8,156,hot_semi_arid,monsoon,yes,warm and wet
HYD,8,August,24.9,162,hot_semi_arid,monsoon,yes,cooler with peak rainfall
HYD,9,September,25.2,149,hot_semi_arid,monsoon,yes,warm with lingering rain
HYD,10,October,24.4,99,hot_semi_arid,post_monsoon,yes,warm and improving
HYD,11,November,22.4,20,hot_semi_arid,pleasant_peak,yes,warm and dry
HYD,12,December,21.8,10,hot_semi_arid,pleasant_peak,yes,comfortable and dry
GVA,1,January,0.9,118,temperate_oceanic,winter,no,cold and damp
GVA,2,February,1.6,106,temperate_oceanic,winter,no,cold late winter weather
GVA,3,March,5.5,112,temperate_oceanic,spring,no,chilly early spring
GVA,4,April,9.7,116,temperate_oceanic,spring,no,mild with spring rain
GVA,5,May,13.4,147,temperate_oceanic,spring,yes,pleasant and green
GVA,6,June,17.5,129,temperate_oceanic,summer_peak,yes,warm early summer
GVA,7,July,19.3,128,temperate_oceanic,summer_peak,yes,warmest month
GVA,8,August,18.9,119,temperate_oceanic,summer_peak,yes,warm and lively
GVA,9,September,15.0,113,temperate_oceanic,autumn_shoulder,yes,mild and comfortable
GVA,10,October,11.0,115,temperate_oceanic,autumn_shoulder,no,cooler with autumn rain
GVA,11,November,5.2,132,temperate_oceanic,winter,no,chilly and damp
GVA,12,December,1.8,133,temperate_oceanic,winter,no,cold winter weather
HAN,1,January,16.2,47,humid_subtropical,winter,no,cool and grey
HAN,2,February,18.3,37,humid_subtropical,winter,no,cool and relatively dry
HAN,3,March,21.1,61,humid_subtropical,spring,no,milder early spring
HAN,4,April,24.9,109,humid_subtropical,pleasant_peak,yes,warm and comfortable
HAN,5,May,28.2,185,humid_subtropical,pleasant_peak,yes,hot with manageable rain
HAN,6,June,28.9,242,humid_subtropical,wet_season,no,hot and very humid
HAN,7,July,28.8,290,humid_subtropical,wet_season,no,hot with heavy summer rain
HAN,8,August,28.3,310,humid_subtropical,wet_season,no,wettest month
HAN,9,September,27.1,242,humid_subtropical,pleasant_peak,yes,warm with easing rain
HAN,10,October,24.5,99,humid_subtropical,pleasant_peak,yes,warm and much drier
HAN,11,November,21.0,43,humid_subtropical,pleasant_peak,yes,mild and pleasant
HAN,12,December,17.5,22,humid_subtropical,winter,no,cool and drier
KCH,1,January,25.2,435,tropical_rainforest,wet_season,no,hot and very wet
KCH,2,February,25.5,322,tropical_rainforest,wet_season,no,warm with frequent rain
KCH,3,March,25.9,281,tropical_rainforest,wet_season,no,humid tropical weather
KCH,4,April,26.3,278,tropical_rainforest,wet_season,no,warm and rainy
KCH,5,May,26.6,250,tropical_rainforest,humid_season,no,hot with regular showers
KCH,6,June,26.5,193,tropical_rainforest,humid_season,no,warm and somewhat drier
KCH,7,July,26.2,184,tropical_rainforest,pleasant_peak,yes,warm with the least rain
KCH,8,August,26.1,205,tropical_rainforest,pleasant_peak,yes,warm tropical weather
KCH,9,September,26.1,241,tropical_rainforest,humid_season,no,humid with increasing rain
KCH,10,October,26.0,320,tropical_rainforest,wet_season,no,very wet shoulder month
KCH,11,November,25.7,399,tropical_rainforest,wet_season,no,humid and very rainy
KCH,12,December,25.3,436,tropical_rainforest,wet_season,no,wettest period of the year
FRA,1,January,1.9,62,temperate_oceanic,winter,no,cold and damp
FRA,2,February,2.5,53,temperate_oceanic,winter,no,cool late winter weather
FRA,3,March,5.9,58,temperate_oceanic,spring,no,milder early spring
FRA,4,April,10.3,50,temperate_oceanic,spring,no,pleasant spring weather
FRA,5,May,14.6,67,temperate_oceanic,spring,yes,warm and greener
FRA,6,June,18.1,60,temperate_oceanic,summer_peak,yes,warm early summer
FRA,7,July,20.0,65,temperate_oceanic,summer_peak,yes,warmest month
FRA,8,August,19.6,58,temperate_oceanic,summer_peak,yes,warm and comfortable
FRA,9,September,15.7,57,temperate_oceanic,autumn_shoulder,yes,mild and pleasant
FRA,10,October,10.7,58,temperate_oceanic,autumn_shoulder,no,cool autumn weather
FRA,11,November,5.6,66,temperate_oceanic,winter,no,chilly and greyer
FRA,12,December,2.7,73,temperate_oceanic,winter,no,cold winter weather
FUK,1,January,5.3,70,humid_subtropical,winter,no,cool and relatively dry
FUK,2,February,6.2,80,humid_subtropical,winter,no,cool late winter weather
FUK,3,March,9.1,117,humid_subtropical,spring,no,milder early spring
FUK,4,April,13.7,135,humid_subtropical,spring,yes,pleasant spring weather
FUK,5,May,18.4,148,humid_subtropical,spring,yes,warm and green
FUK,6,June,22.1,314,humid_subtropical,rainy_season,no,warm with heavy early-summer rain
FUK,7,July,25.8,274,humid_subtropical,rainy_season,no,hot and humid
FUK,8,August,26.9,177,humid_subtropical,summer_peak,yes,hottest month
FUK,9,September,23.4,187,humid_subtropical,typhoon_risk,no,warm with elevated storm risk
FUK,10,October,18.1,86,humid_subtropical,autumn_shoulder,yes,mild and drier
FUK,11,November,12.7,84,humid_subtropical,autumn_shoulder,no,cool and more settled
FUK,12,December,7.4,86,humid_subtropical,winter,no,cool winter weather
DVO,1,January,25.4,129,tropical_rainforest,pleasant_peak,yes,warm with manageable showers
DVO,2,February,25.5,91,tropical_rainforest,pleasant_peak,yes,warm and relatively dry
DVO,3,March,26.0,84,tropical_rainforest,pleasant_peak,yes,warmest drier month
DVO,4,April,26.7,85,tropical_rainforest,pleasant_peak,yes,warm and beach-friendly
DVO,5,May,26.7,174,tropical_rainforest,humid_season,no,humid with more rain
DVO,6,June,26.4,200,tropical_rainforest,humid_season,no,warm and wetter
DVO,7,July,26.2,193,tropical_rainforest,humid_season,no,warm with frequent showers
DVO,8,August,26.3,205,tropical_rainforest,humid_season,no,wettest period
DVO,9,September,26.5,194,tropical_rainforest,humid_season,no,warm and humid
DVO,10,October,26.4,194,tropical_rainforest,humid_season,no,warm with regular rain
DVO,11,November,26.2,128,tropical_rainforest,shoulder,no,warm with improving weather
DVO,12,December,26.0,110,tropical_rainforest,pleasant_peak,yes,warm and relatively dry
DXB,1,January,19.5,17,desert_hot,pleasant_peak,yes,warm and dry
DXB,2,February,20.9,35,desert_hot,pleasant_peak,yes,mild and comfortable
DXB,3,March,23.9,28,desert_hot,shoulder,yes,warm with low humidity
DXB,4,April,28.0,7,desert_hot,shoulder,no,hot and dry
DXB,5,May,32.4,1,desert_hot,hot_season,no,very hot and arid
DXB,6,June,34.9,0,desert_hot,hot_season,no,extreme dry heat
DXB,7,July,36.1,1,desert_hot,hot_season,no,hottest month with oppressive heat
DXB,8,August,35.9,0,desert_hot,hot_season,no,intense heat and humidity
DXB,9,September,33.5,0,desert_hot,hot_season,no,still very hot and dry
DXB,10,October,29.5,1,desert_hot,shoulder,no,hot but easing
DXB,11,November,25.3,3,desert_hot,pleasant_peak,yes,warm and comfortable
DXB,12,December,21.4,11,desert_hot,pleasant_peak,yes,mild winter weather
KTM,1,January,10.0,14,subtropical_highland,winter,no,cool and dry
KTM,2,February,12.4,18,subtropical_highland,winter,no,mild and relatively dry
KTM,3,March,16.3,34,subtropical_highland,spring,yes,pleasant spring weather
KTM,4,April,19.6,61,subtropical_highland,spring,yes,warm and comfortable
KTM,5,May,21.4,130,subtropical_highland,pre_monsoon,no,warm with storms building
KTM,6,June,22.4,236,subtropical_highland,monsoon,no,warm and rainy
KTM,7,July,22.2,376,subtropical_highland,monsoon,no,wettest month
KTM,8,August,22.1,328,subtropical_highland,monsoon,no,warm and very wet
KTM,9,September,21.3,188,subtropical_highland,monsoon,no,mild with lingering rain
KTM,10,October,18.0,51,subtropical_highland,autumn_peak,yes,clear and comfortable
KTM,11,November,13.8,7,subtropical_highland,autumn_peak,yes,cool and very clear
KTM,12,December,10.5,8,subtropical_highland,winter,no,cool dry winter weather
LGK,1,January,28.0,43,tropical_monsoon,pleasant_peak,yes,warm and sunny
LGK,2,February,28.4,38,tropical_monsoon,pleasant_peak,yes,warm and driest stretch
LGK,3,March,28.8,72,tropical_monsoon,pleasant_peak,yes,hot with manageable rain
LGK,4,April,29.2,149,tropical_monsoon,shoulder,no,hot and more humid
LGK,5,May,29.1,188,tropical_monsoon,humid_season,no,hot with frequent showers
LGK,6,June,28.7,140,tropical_monsoon,humid_season,no,warm tropical weather
LGK,7,July,28.4,164,tropical_monsoon,humid_season,no,warm with regular rain
LGK,8,August,28.3,183,tropical_monsoon,humid_season,no,humid and wetter
LGK,9,September,28.0,245,tropical_monsoon,wet_season,no,warm with heavy rain
LGK,10,October,28.1,312,tropical_monsoon,wet_season,no,wettest period
LGK,11,November,27.8,236,tropical_monsoon,wet_season,no,humid and rainy
LGK,12,December,27.7,102,tropical_monsoon,shoulder,no,warm with improving weather
IST,1,January,6.7,100,mediterranean,winter_wet,no,cold and damp
IST,2,February,6.9,70,mediterranean,winter_wet,no,cool with less rain
IST,3,March,8.7,64,mediterranean,spring,no,chilly early spring
IST,4,April,12.7,47,mediterranean,spring,yes,mild and pleasant
IST,5,May,17.0,35,mediterranean,spring,yes,warm and comfortable
IST,6,June,21.5,28,mediterranean,summer_peak,yes,warm and drier
IST,7,July,23.8,23,mediterranean,summer_peak,yes,warmest and sunnier month
IST,8,August,24.1,31,mediterranean,summer_peak,yes,warm and lively
IST,9,September,20.5,48,mediterranean,autumn_shoulder,yes,mild and comfortable
IST,10,October,15.8,87,mediterranean,autumn_shoulder,no,cooler with autumn rain
IST,11,November,11.7,102,mediterranean,winter_wet,no,chilly and wet
IST,12,December,8.5,122,mediterranean,winter_wet,no,cold wet winter weather
DEL,1,January,14.3,19,humid_subtropical,winter_peak,yes,cool and dry
DEL,2,February,17.2,18,humid_subtropical,winter_peak,yes,mild and pleasant
DEL,3,March,23.0,16,humid_subtropical,shoulder,yes,warm and dry
DEL,4,April,29.2,7,humid_subtropical,hot_season,no,very hot and arid
DEL,5,May,33.3,20,humid_subtropical,hot_season,no,extreme pre-monsoon heat
DEL,6,June,33.4,82,humid_subtropical,monsoon,no,hot with monsoon onset
DEL,7,July,30.5,210,humid_subtropical,monsoon,no,hot and very humid
DEL,8,August,29.4,233,humid_subtropical,monsoon,no,warm and rainy
DEL,9,September,28.7,125,humid_subtropical,monsoon,no,warm with easing rain
DEL,10,October,25.8,18,humid_subtropical,autumn_peak,yes,warm and clearer
DEL,11,November,20.2,4,humid_subtropical,autumn_peak,yes,pleasant and dry
DEL,12,December,15.1,8,humid_subtropical,winter_peak,yes,cool and comfortable
BLR,1,January,20.9,3,tropical_savanna,pleasant_peak,yes,mild and dry
BLR,2,February,23.3,9,tropical_savanna,pleasant_peak,yes,warm and dry
BLR,3,March,25.8,18,tropical_savanna,hot_season,no,warmest month
BLR,4,April,27.1,48,tropical_savanna,hot_season,no,warm with some storms
BLR,5,May,26.6,102,tropical_savanna,pre_monsoon,no,warm and wetter
BLR,6,June,23.9,106,tropical_savanna,monsoon,yes,cooler with regular rain
BLR,7,July,22.8,113,tropical_savanna,monsoon,yes,mild and cloudy
BLR,8,August,22.7,137,tropical_savanna,monsoon,yes,cool and wet
BLR,9,September,22.9,193,tropical_savanna,monsoon,no,wettest month
BLR,10,October,22.3,168,tropical_savanna,post_monsoon,no,mild with frequent rain
BLR,11,November,21.1,64,tropical_savanna,pleasant_peak,yes,mild and comfortable
BLR,12,December,20.0,18,tropical_savanna,pleasant_peak,yes,cool and dry
BCN,1,January,9.5,41,mediterranean,winter,no,cool and relatively dry
BCN,2,February,10.4,36,mediterranean,winter,no,cool late winter weather
BCN,3,March,12.7,34,mediterranean,spring,no,mild and improving
BCN,4,April,15.0,49,mediterranean,spring,yes,pleasant spring weather
BCN,5,May,18.7,56,mediterranean,spring,yes,warm and comfortable
BCN,6,June,22.4,36,mediterranean,summer_peak,yes,warm and sunny
BCN,7,July,25.3,24,mediterranean,summer_peak,yes,hot and dry
BCN,8,August,25.8,47,mediterranean,summer_peak,yes,hottest month with beach weather
BCN,9,September,22.8,81,mediterranean,autumn_shoulder,yes,warm with some rain
BCN,10,October,18.3,97,mediterranean,autumn_shoulder,no,mild with wetter spells
BCN,11,November,13.6,58,mediterranean,winter,no,cooler and calmer
BCN,12,December,10.4,51,mediterranean,winter,no,cool winter weather
PKU,1,January,26.7,166,tropical_rainforest,humid_season,no,hot and humid
PKU,2,February,27.0,138,tropical_rainforest,humid_season,no,warm with regular rain
PKU,3,March,27.3,188,tropical_rainforest,wet_season,no,humid tropical weather
PKU,4,April,27.5,221,tropical_rainforest,wet_season,no,warm and rainy
PKU,5,May,27.4,178,tropical_rainforest,humid_season,no,hot with frequent showers
PKU,6,June,27.0,133,tropical_rainforest,pleasant_peak,yes,warm with relatively less rain
PKU,7,July,26.6,121,tropical_rainforest,pleasant_peak,yes,warm and somewhat drier
PKU,8,August,26.7,124,tropical_rainforest,pleasant_peak,yes,warm tropical weather
PKU,9,September,27.0,164,tropical_rainforest,humid_season,no,humid with more showers
PKU,10,October,27.0,245,tropical_rainforest,wet_season,no,very wet shoulder month
PKU,11,November,26.7,285,tropical_rainforest,wet_season,no,humid and rainy
PKU,12,December,26.5,226,tropical_rainforest,wet_season,no,warm and wet
CMB,1,January,27.0,58,tropical_monsoon,pleasant_peak,yes,warm and sunny
CMB,2,February,27.8,72,tropical_monsoon,pleasant_peak,yes,warm with low rainfall
CMB,3,March,28.6,128,tropical_monsoon,shoulder,no,hot and more humid
CMB,4,April,29.2,245,tropical_monsoon,wet_season,no,humid with frequent storms
CMB,5,May,28.8,378,tropical_monsoon,wet_season,no,very wet southwest monsoon onset
CMB,6,June,28.0,186,tropical_monsoon,wet_season,no,warm and humid
CMB,7,July,27.8,128,tropical_monsoon,shoulder,no,warm with less rain
CMB,8,August,27.8,121,tropical_monsoon,pleasant_peak,yes,warm and relatively drier
CMB,9,September,27.7,245,tropical_monsoon,wet_season,no,humid with rain increasing
CMB,10,October,27.4,365,tropical_monsoon,wet_season,no,very wet inter-monsoon period
CMB,11,November,26.9,307,tropical_monsoon,wet_season,no,warm and rainy
CMB,12,December,26.6,174,tropical_monsoon,shoulder,no,warm with improving weather
CAN,1,January,13.8,31,humid_subtropical,winter,no,mild and relatively dry
CAN,2,February,15.2,57,humid_subtropical,winter,no,mild and damp
CAN,3,March,18.5,84,humid_subtropical,spring,no,warm with spring rain
CAN,4,April,22.4,173,humid_subtropical,spring,yes,warm and green
CAN,5,May,26.0,259,humid_subtropical,wet_season,no,hot and humid with heavy rain
CAN,6,June,28.3,289,humid_subtropical,wet_season,no,very warm and rainy
CAN,7,July,29.3,229,humid_subtropical,wet_season,no,hottest stretch with high humidity
CAN,8,August,28.9,262,humid_subtropical,wet_season,no,hot and storm-prone
CAN,9,September,27.5,176,humid_subtropical,autumn_shoulder,yes,warm with easing rain
CAN,10,October,24.2,71,humid_subtropical,autumn_shoulder,yes,warm and much drier
CAN,11,November,19.7,38,humid_subtropical,pleasant_peak,yes,mild and comfortable
CAN,12,December,15.4,28,humid_subtropical,winter,no,cool and dry
CCU,1,January,19.9,11,tropical_savanna,dry_season,yes,mild and dry
CCU,2,February,23.8,25,tropical_savanna,dry_season,yes,warm and pleasant
CCU,3,March,28.9,35,tropical_savanna,hot_season,no,hot and dry
CCU,4,April,30.4,59,tropical_savanna,hot_season,no,very hot with some storms
CCU,5,May,30.2,126,tropical_savanna,pre_monsoon,no,hot and humid
CCU,6,June,29.4,259,tropical_savanna,monsoon,no,warm and very wet
CCU,7,July,28.7,327,tropical_savanna,monsoon,no,wettest period
CCU,8,August,28.6,306,tropical_savanna,monsoon,no,humid and rainy
CCU,9,September,28.7,283,tropical_savanna,monsoon,no,warm with heavy rain
CCU,10,October,28.0,155,tropical_savanna,post_monsoon,no,warm with easing rain
CCU,11,November,24.8,32,tropical_savanna,dry_season,yes,warm and much drier
CCU,12,December,20.9,10,tropical_savanna,dry_season,yes,pleasant and dry
BRU,1,January,3.7,76,temperate_oceanic,winter,no,cold and damp
BRU,2,February,4.3,64,temperate_oceanic,winter,no,cool late winter weather
BRU,3,March,7.2,70,temperate_oceanic,spring,no,chilly early spring
BRU,4,April,10.4,54,temperate_oceanic,spring,yes,mild spring weather
BRU,5,May,14.1,70,temperate_oceanic,spring,yes,pleasant and greener
BRU,6,June,17.1,72,temperate_oceanic,summer_peak,yes,mild early summer
BRU,7,July,19.2,75,temperate_oceanic,summer_peak,yes,warmest month
BRU,8,August,18.9,78,temperate_oceanic,summer_peak,yes,warm and lively
BRU,9,September,15.7,70,temperate_oceanic,autumn_shoulder,yes,mild and comfortable
BRU,10,October,11.6,76,temperate_oceanic,autumn_shoulder,no,cooler with rain
BRU,11,November,7.0,82,temperate_oceanic,winter,no,chilly and grey
BRU,12,December,4.5,84,temperate_oceanic,winter,no,cold winter weather
CKG,1,January,8.1,20,humid_subtropical,winter,no,cool and damp
CKG,2,February,10.2,25,humid_subtropical,winter,no,cool late winter weather
CKG,3,March,14.5,82,humid_subtropical,spring,no,milder and wetter
CKG,4,April,19.4,105,humid_subtropical,spring,yes,warm spring weather
CKG,5,May,23.1,151,humid_subtropical,spring,yes,warm and greener
CKG,6,June,25.7,171,humid_subtropical,wet_season,no,hot and humid
CKG,7,July,29.0,175,humid_subtropical,wet_season,no,hottest stretch with frequent rain
CKG,8,August,29.0,134,humid_subtropical,wet_season,no,hot and muggy
CKG,9,September,24.5,114,humid_subtropical,autumn_shoulder,yes,warm with easing rain
CKG,10,October,19.3,92,humid_subtropical,autumn_shoulder,yes,mild and comfortable
CKG,11,November,14.1,46,humid_subtropical,pleasant_peak,yes,cool and clearer
CKG,12,December,9.5,18,humid_subtropical,winter,no,cool winter weather
CEB,1,January,27.0,110,tropical_monsoon,pleasant_peak,yes,warm with manageable showers
CEB,2,February,27.2,74,tropical_monsoon,pleasant_peak,yes,warm and relatively dry
CEB,3,March,28.0,64,tropical_monsoon,pleasant_peak,yes,warmest drier stretch
CEB,4,April,28.7,53,tropical_monsoon,pleasant_peak,yes,hot and beach-friendly
CEB,5,May,29.0,110,tropical_monsoon,shoulder,no,hot with rising humidity
CEB,6,June,28.5,173,tropical_monsoon,wet_season,no,warm and wetter
CEB,7,July,28.2,177,tropical_monsoon,wet_season,no,humid with regular rain
CEB,8,August,28.1,160,tropical_monsoon,wet_season,no,warm tropical showers
CEB,9,September,28.0,180,tropical_monsoon,wet_season,no,warm and rainy
CEB,10,October,27.8,202,tropical_monsoon,wet_season,no,wettest stretch begins
CEB,11,November,27.5,204,tropical_monsoon,wet_season,no,humid and rainy
CEB,12,December,27.1,161,tropical_monsoon,shoulder,no,warm with improving weather
AMD,1,January,20.0,1,hot_semi_arid,pleasant_peak,yes,mild and dry
AMD,2,February,23.2,1,hot_semi_arid,pleasant_peak,yes,warm and dry
AMD,3,March,28.5,2,hot_semi_arid,hot_season,no,hot and arid
AMD,4,April,32.7,1,hot_semi_arid,hot_season,no,very hot and dry
AMD,5,May,35.1,8,hot_semi_arid,hot_season,no,extreme pre-monsoon heat
AMD,6,June,33.0,95,hot_semi_arid,monsoon,no,very hot with monsoon onset
AMD,7,July,29.5,281,hot_semi_arid,monsoon,no,warm and very wet
AMD,8,August,28.5,223,hot_semi_arid,monsoon,no,warm and rainy
AMD,9,September,29.0,116,hot_semi_arid,post_monsoon,yes,warm with easing rain
AMD,10,October,29.1,25,hot_semi_arid,pleasant_peak,yes,warm and clearer
AMD,11,November,25.1,5,hot_semi_arid,pleasant_peak,yes,warm and dry
AMD,12,December,21.0,1,hot_semi_arid,pleasant_peak,yes,mild winter weather
ATH,1,January,10.0,55,mediterranean,winter,no,cool and wetter
ATH,2,February,10.7,48,mediterranean,winter,no,cool late winter weather
ATH,3,March,12.7,41,mediterranean,spring,no,mild and improving
ATH,4,April,16.5,28,mediterranean,spring,yes,pleasant spring weather
ATH,5,May,21.6,23,mediterranean,spring,yes,warm and comfortable
ATH,6,June,26.2,14,mediterranean,summer_peak,yes,hot and dry
ATH,7,July,28.9,6,mediterranean,summer_peak,yes,hottest and driest month
ATH,8,August,28.6,6,mediterranean,summer_peak,yes,hot and sunny
ATH,9,September,24.3,12,mediterranean,autumn_shoulder,yes,warm and very dry
ATH,10,October,19.4,46,mediterranean,autumn_shoulder,yes,mild with some rain
ATH,11,November,15.0,58,mediterranean,winter,no,cooler and wetter
ATH,12,December,11.6,70,mediterranean,winter,no,cool winter weather
ADL,1,January,22.1,19,mediterranean,summer_peak,yes,warm and dry
ADL,2,February,21.8,18,mediterranean,summer_peak,yes,warm late summer weather
ADL,3,March,19.6,20,mediterranean,autumn_shoulder,yes,warm and comfortable
ADL,4,April,16.2,37,mediterranean,autumn_shoulder,yes,mild with some rain
ADL,5,May,13.0,59,mediterranean,autumn_shoulder,no,cooler with wetter spells
ADL,6,June,10.7,77,mediterranean,winter,no,cool and wet
ADL,7,July,10.1,65,mediterranean,winter,no,coolest month
ADL,8,August,11.3,63,mediterranean,winter,no,cool and relatively damp
ADL,9,September,13.5,59,mediterranean,spring,yes,mild spring weather
ADL,10,October,16.0,48,mediterranean,spring,yes,pleasant and sunnier
ADL,11,November,18.6,32,mediterranean,spring,yes,warm and drier
ADL,12,December,20.5,24,mediterranean,summer_peak,yes,warm start to summer
AKL,1,January,19.7,72,marine_west_coast,summer_peak,yes,warm and pleasant
AKL,2,February,20.1,86,marine_west_coast,summer_peak,yes,warmest month
AKL,3,March,18.4,104,marine_west_coast,autumn_shoulder,yes,warm with more rain
AKL,4,April,16.0,114,marine_west_coast,autumn_shoulder,yes,mild autumn weather
AKL,5,May,13.2,125,marine_west_coast,autumn_shoulder,no,cooler and damp
AKL,6,June,11.0,133,marine_west_coast,winter,no,cool and wet
AKL,7,July,10.3,146,marine_west_coast,winter,no,coolest and wettest stretch
AKL,8,August,11.1,121,marine_west_coast,winter,no,cool late winter weather
AKL,9,September,12.5,104,marine_west_coast,spring,yes,mild and improving
AKL,10,October,14.1,90,marine_west_coast,spring,yes,pleasant spring weather
AKL,11,November,16.0,88,marine_west_coast,spring,yes,mild and comfortable
AKL,12,December,18.1,86,marine_west_coast,summer_peak,yes,warm early summer
CHC,1,January,17.0,46,oceanic,warm_season,yes,warm and relatively dry
CHC,2,February,17.0,38,oceanic,warm_season,yes,warmest and driest stretch
CHC,3,March,15.1,48,oceanic,autumn_shoulder,yes,mild and pleasant
CHC,4,April,11.8,57,oceanic,autumn_shoulder,yes,cool autumn weather
CHC,5,May,8.5,62,oceanic,autumn_shoulder,no,cooler and wetter
CHC,6,June,6.3,66,oceanic,winter,no,cold winter weather
CHC,7,July,5.8,63,oceanic,winter,no,coldest month
CHC,8,August,7.2,55,oceanic,winter,no,cold but improving
CHC,9,September,9.4,49,oceanic,spring,no,cool early spring
CHC,10,October,11.4,51,oceanic,spring,yes,mild and drier
CHC,11,November,13.5,45,oceanic,spring,yes,pleasant spring weather
CHC,12,December,15.6,47,oceanic,warm_season,yes,warm start to summer
RGN,1,January,25.2,5,tropical_savanna,dry_season,yes,warm and dry
RGN,2,February,27.5,2,tropical_savanna,dry_season,yes,hot and driest month
RGN,3,March,29.7,7,tropical_savanna,hot_season,no,very hot and dry
RGN,4,April,31.0,27,tropical_savanna,hot_season,no,hottest month
RGN,5,May,29.7,303,tropical_savanna,wet_season,no,humid with monsoon onset
RGN,6,June,27.5,547,tropical_savanna,wet_season,no,very wet southwest monsoon
RGN,7,July,26.8,559,tropical_savanna,wet_season,no,wettest period
RGN,8,August,26.8,602,tropical_savanna,wet_season,no,extremely wet and humid
RGN,9,September,27.1,368,tropical_savanna,wet_season,no,warm and rainy
RGN,10,October,27.7,206,tropical_savanna,wet_season,no,humid with rain easing
RGN,11,November,27.1,60,tropical_savanna,dry_season,yes,warm and much drier
RGN,12,December,25.2,9,tropical_savanna,dry_season,yes,pleasant and dry
CPH,1,January,1.5,43,temperate_oceanic,winter,no,cold and relatively dry
CPH,2,February,1.4,31,temperate_oceanic,winter,no,cold late winter weather
CPH,3,March,3.7,36,temperate_oceanic,spring,no,chilly early spring
CPH,4,April,8.0,35,temperate_oceanic,spring,yes,cool but improving
CPH,5,May,13.1,41,temperate_oceanic,spring,yes,mild and pleasant
CPH,6,June,16.7,52,temperate_oceanic,summer_peak,yes,mild early summer
CPH,7,July,18.8,66,temperate_oceanic,summer_peak,yes,warmest month
CPH,8,August,18.5,63,temperate_oceanic,summer_peak,yes,mild and lively
CPH,9,September,14.8,58,temperate_oceanic,autumn_shoulder,yes,cool and comfortable
CPH,10,October,10.4,56,temperate_oceanic,autumn_shoulder,no,cooler with autumn rain
CPH,11,November,6.0,56,temperate_oceanic,winter,no,chilly and grey
CPH,12,December,2.8,49,temperate_oceanic,winter,no,cold winter weather
JNB,1,January,19.7,125,subtropical_highland,summer_peak,yes,warm summer storms
JNB,2,February,19.2,90,subtropical_highland,summer_peak,yes,warm and greener
JNB,3,March,17.8,83,subtropical_highland,autumn_shoulder,yes,warm with easing rain
JNB,4,April,14.2,54,subtropical_highland,autumn_shoulder,yes,mild and dry
JNB,5,May,10.7,13,subtropical_highland,dry_season,yes,cool and dry
JNB,6,June,8.1,5,subtropical_highland,dry_season,yes,coolest and very dry
JNB,7,July,8.2,4,subtropical_highland,dry_season,yes,cool dry winter weather
JNB,8,August,11.0,6,subtropical_highland,dry_season,yes,mild and sunny
JNB,9,September,15.1,22,subtropical_highland,spring,yes,warm and dry
JNB,10,October,17.1,71,subtropical_highland,spring,yes,warm with storms returning
JNB,11,November,17.8,117,subtropical_highland,summer_peak,yes,warm summer rainfall
JNB,12,December,19.0,123,subtropical_highland,summer_peak,yes,warm and lively
BKI,1,January,26.5,237,tropical_rainforest,wet_season,no,warm and rainy
BKI,2,February,26.8,171,tropical_rainforest,humid_season,no,warm with frequent showers
BKI,3,March,27.3,138,tropical_rainforest,pleasant_peak,yes,warm and relatively drier
BKI,4,April,27.8,133,tropical_rainforest,pleasant_peak,yes,hot tropical weather
BKI,5,May,28.0,122,tropical_rainforest,pleasant_peak,yes,warm with manageable rain
BKI,6,June,27.8,102,tropical_rainforest,pleasant_peak,yes,warm and among the driest months
BKI,7,July,27.5,116,tropical_rainforest,pleasant_peak,yes,warm and beach-friendly
BKI,8,August,27.5,123,tropical_rainforest,pleasant_peak,yes,warm tropical weather
BKI,9,September,27.3,152,tropical_rainforest,humid_season,no,humid with more rain
BKI,10,October,27.2,223,tropical_rainforest,wet_season,no,very wet shoulder month
BKI,11,November,26.9,273,tropical_rainforest,wet_season,no,humid and rainy
BKI,12,December,26.6,299,tropical_rainforest,wet_season,no,wettest period of the year
REP,1,January,26.7,9,tropical_savanna,dry_season,yes,warm and very dry
REP,2,February,28.2,4,tropical_savanna,dry_season,yes,hot and driest month
REP,3,March,29.7,14,tropical_savanna,hot_season,no,very hot and dry
REP,4,April,30.3,43,tropical_savanna,hot_season,no,hottest month with rising humidity
REP,5,May,29.6,133,tropical_savanna,wet_season,no,humid with monsoon onset
REP,6,June,29.0,179,tropical_savanna,wet_season,no,hot and rainy
REP,7,July,28.5,192,tropical_savanna,wet_season,no,warm with regular heavy rain
REP,8,August,28.2,215,tropical_savanna,wet_season,no,humid and wet
REP,9,September,27.7,245,tropical_savanna,wet_season,no,wettest stretch
REP,10,October,27.4,264,tropical_savanna,wet_season,no,warm with persistent rain
REP,11,November,27.0,118,tropical_savanna,pleasant_peak,yes,warm with improving weather
REP,12,December,26.4,43,tropical_savanna,pleasant_peak,yes,warm and drier
JED,1,January,23.8,7,desert_hot,pleasant_peak,yes,warm and dry
JED,2,February,24.4,2,desert_hot,pleasant_peak,yes,warm winter weather
JED,3,March,26.6,1,desert_hot,shoulder,yes,hot and dry
JED,4,April,29.8,1,desert_hot,hot_season,no,very hot and arid
JED,5,May,32.6,1,desert_hot,hot_season,no,extreme heat builds
JED,6,June,34.0,0,desert_hot,hot_season,no,very hot and humid by the coast
JED,7,July,35.1,0,desert_hot,hot_season,no,hottest period
JED,8,August,35.3,0,desert_hot,hot_season,no,intense coastal heat
JED,9,September,34.0,0,desert_hot,hot_season,no,still very hot
JED,10,October,31.4,2,desert_hot,hot_season,no,hot but easing
JED,11,November,28.1,9,desert_hot,pleasant_peak,yes,warm and more comfortable
JED,12,December,24.8,7,desert_hot,pleasant_peak,yes,warm and dry
HAK,1,January,18.5,24,tropical_monsoon,pleasant_peak,yes,mild and relatively dry
HAK,2,February,20.1,37,tropical_monsoon,pleasant_peak,yes,warm with low rain
HAK,3,March,23.4,63,tropical_monsoon,pleasant_peak,yes,warm tropical weather
HAK,4,April,27.0,83,tropical_monsoon,pleasant_peak,yes,hot and beach-friendly
HAK,5,May,29.3,181,tropical_monsoon,wet_season,no,hot and humid
HAK,6,June,29.7,225,tropical_monsoon,wet_season,no,very warm with monsoon rain
HAK,7,July,29.3,236,tropical_monsoon,wet_season,no,hot and wet
HAK,8,August,28.9,270,tropical_monsoon,wet_season,no,humid and storm-prone
HAK,9,September,27.8,264,tropical_monsoon,wet_season,no,warm with heavy rain
HAK,10,October,25.4,193,tropical_monsoon,wet_season,no,humid with easing rain
HAK,11,November,22.2,71,tropical_monsoon,pleasant_peak,yes,warm and more settled
HAK,12,December,19.0,30,tropical_monsoon,pleasant_peak,yes,mild and comfortable
HDY,1,January,26.9,10,tropical_monsoon,dry_season,yes,warm and dry
HDY,2,February,28.0,8,tropical_monsoon,dry_season,yes,hot and sunny
HDY,3,March,29.2,27,tropical_monsoon,dry_season,yes,very warm and mostly dry
HDY,4,April,30.0,67,tropical_monsoon,hot_season,no,hottest stretch with some storms
HDY,5,May,29.5,143,tropical_monsoon,wet_season,no,humid with rain increasing
HDY,6,June,28.8,184,tropical_monsoon,wet_season,no,hot and rainy
HDY,7,July,28.4,215,tropical_monsoon,wet_season,no,humid tropical showers
HDY,8,August,28.2,263,tropical_monsoon,wet_season,no,wettest period
HDY,9,September,27.8,410,tropical_monsoon,wet_season,no,very wet monsoon month
HDY,10,October,27.0,344,tropical_monsoon,wet_season,no,warm with persistent rain
HDY,11,November,26.4,135,tropical_monsoon,shoulder,no,warm with improving weather
HDY,12,December,26.3,37,tropical_monsoon,pleasant_peak,yes,warm and drier
CNS,1,January,27.8,423,tropical_monsoon,wet_season,no,hot and very wet
CNS,2,February,27.4,450,tropical_monsoon,wet_season,no,humid with tropical rain
CNS,3,March,26.6,430,tropical_monsoon,wet_season,no,warm and stormy
CNS,4,April,25.2,200,tropical_monsoon,shoulder,no,warm with easing rain
CNS,5,May,23.1,94,tropical_monsoon,dry_season,yes,warm and much drier
CNS,6,June,21.2,49,tropical_monsoon,dry_season,yes,mild and dry
CNS,7,July,20.8,32,tropical_monsoon,dry_season,yes,coolest and driest month
CNS,8,August,21.8,27,tropical_monsoon,dry_season,yes,mild dry-season weather
CNS,9,September,23.8,17,tropical_monsoon,dry_season,yes,warm and sunny
CNS,10,October,25.6,28,tropical_monsoon,dry_season,yes,warm and beach-friendly
CNS,11,November,26.8,65,tropical_monsoon,shoulder,yes,warm with some rain returning
CNS,12,December,27.7,171,tropical_monsoon,wet_season,no,hot and wetter
ATQ,1,January,12.8,34,humid_subtropical,winter_peak,yes,cool and dry
ATQ,2,February,15.6,35,humid_subtropical,winter_peak,yes,mild and pleasant
ATQ,3,March,21.0,27,humid_subtropical,shoulder,yes,warm and dry
ATQ,4,April,27.0,17,humid_subtropical,hot_season,no,very hot and dry
ATQ,5,May,31.4,22,humid_subtropical,hot_season,no,extreme pre-monsoon heat
ATQ,6,June,32.6,56,humid_subtropical,monsoon,no,very hot with storms
ATQ,7,July,30.3,184,humid_subtropical,monsoon,no,hot and humid
ATQ,8,August,29.0,190,humid_subtropical,monsoon,no,warm and rainy
ATQ,9,September,28.0,91,humid_subtropical,post_monsoon,yes,warm with easing rain
ATQ,10,October,24.1,18,humid_subtropical,autumn_peak,yes,warm and clearer
ATQ,11,November,18.0,5,humid_subtropical,autumn_peak,yes,pleasant and dry
ATQ,12,December,13.7,10,humid_subtropical,winter_peak,yes,cool winter weather
IPH,1,January,27.4,50,tropical_monsoon,pleasant_peak,yes,warm and fairly dry
IPH,2,February,27.9,45,tropical_monsoon,pleasant_peak,yes,warmest and relatively dry
IPH,3,March,28.3,88,tropical_monsoon,pleasant_peak,yes,hot with manageable rain
IPH,4,April,28.7,138,tropical_monsoon,shoulder,no,hot and more humid
IPH,5,May,28.8,191,tropical_monsoon,humid_season,no,warm with frequent showers
IPH,6,June,28.4,141,tropical_monsoon,humid_season,no,warm tropical weather
IPH,7,July,28.1,161,tropical_monsoon,humid_season,no,warm with regular rain
IPH,8,August,28.0,180,tropical_monsoon,humid_season,no,humid and wetter
IPH,9,September,27.8,221,tropical_monsoon,wet_season,no,warm with heavy rain
IPH,10,October,27.9,293,tropical_monsoon,wet_season,no,wettest period
IPH,11,November,27.6,226,tropical_monsoon,wet_season,no,humid and rainy
IPH,12,December,27.4,93,tropical_monsoon,shoulder,no,warm with improving weather
KBV,1,January,27.6,49,tropical_monsoon,pleasant_peak,yes,warm and sunny
KBV,2,February,28.0,30,tropical_monsoon,pleasant_peak,yes,warmest and driest month
KBV,3,March,28.8,52,tropical_monsoon,pleasant_peak,yes,hot and beach-friendly
KBV,4,April,29.3,120,tropical_monsoon,shoulder,no,hot with more humidity
KBV,5,May,29.0,232,tropical_monsoon,wet_season,no,warm with monsoon onset
KBV,6,June,28.5,241,tropical_monsoon,wet_season,no,humid and rainy
KBV,7,July,28.1,256,tropical_monsoon,wet_season,no,warm tropical showers
KBV,8,August,28.0,282,tropical_monsoon,wet_season,no,wettest stretch
KBV,9,September,27.7,355,tropical_monsoon,wet_season,no,very wet and humid
KBV,10,October,27.7,306,tropical_monsoon,wet_season,no,heavy late-monsoon rainfall
KBV,11,November,27.4,174,tropical_monsoon,pleasant_peak,yes,warm with improving weather
KBV,12,December,27.2,74,tropical_monsoon,pleasant_peak,yes,warm and drier
KUA,1,January,26.5,172,tropical_rainforest,humid_season,no,warm with regular rain
KUA,2,February,27.0,128,tropical_rainforest,pleasant_peak,yes,warm and relatively drier
KUA,3,March,27.5,207,tropical_rainforest,humid_season,no,hot and humid
KUA,4,April,27.8,231,tropical_rainforest,humid_season,no,warm with frequent showers
KUA,5,May,27.9,179,tropical_rainforest,pleasant_peak,yes,hot with manageable rain
KUA,6,June,27.7,137,tropical_rainforest,pleasant_peak,yes,warm and a bit drier
KUA,7,July,27.4,144,tropical_rainforest,pleasant_peak,yes,warm tropical weather
KUA,8,August,27.5,149,tropical_rainforest,pleasant_peak,yes,warm and relatively drier
KUA,9,September,27.1,173,tropical_rainforest,humid_season,no,humid with more showers
KUA,10,October,26.9,232,tropical_rainforest,wet_season,no,wet inter-monsoon period
KUA,11,November,26.5,340,tropical_rainforest,wet_season,no,very wet and humid
KUA,12,December,26.1,298,tropical_rainforest,wet_season,no,warm and rainy
NKG,1,January,2.8,43,humid_subtropical,winter,no,cold and damp
NKG,2,February,5.2,59,humid_subtropical,winter,no,cool late winter weather
NKG,3,March,9.8,83,humid_subtropical,spring,no,milder and wetter
NKG,4,April,16.0,86,humid_subtropical,spring,yes,pleasant spring weather
NKG,5,May,21.3,96,humid_subtropical,spring,yes,warm and green
NKG,6,June,25.1,169,humid_subtropical,wet_season,no,hot with plum rains
NKG,7,July,28.5,219,humid_subtropical,wet_season,no,hottest stretch with heavy rain
NKG,8,August,28.0,162,humid_subtropical,wet_season,no,hot and humid
NKG,9,September,23.9,93,humid_subtropical,autumn_shoulder,yes,warm with easing rain
NKG,10,October,18.0,56,humid_subtropical,autumn_shoulder,yes,mild and comfortable
NKG,11,November,11.2,52,humid_subtropical,pleasant_peak,yes,cool and clearer
NKG,12,December,5.0,28,humid_subtropical,winter,no,cold winter weather
OOL,1,January,24.8,150,humid_subtropical,summer_peak,yes,warm and lively
OOL,2,February,24.6,170,humid_subtropical,summer_peak,yes,warm with summer storms
OOL,3,March,23.1,160,humid_subtropical,autumn_shoulder,yes,warm and beach-friendly
OOL,4,April,20.1,105,humid_subtropical,autumn_shoulder,yes,pleasant autumn weather
OOL,5,May,17.0,89,humid_subtropical,autumn_shoulder,yes,mild and comfortable
OOL,6,June,14.5,73,humid_subtropical,winter,no,mild and drier
OOL,7,July,13.9,52,humid_subtropical,winter,no,coolest month
OOL,8,August,15.2,43,humid_subtropical,winter,no,mild late winter weather
OOL,9,September,17.9,38,humid_subtropical,spring,yes,warm and dry
OOL,10,October,20.4,85,humid_subtropical,spring,yes,pleasant and sunnier
OOL,11,November,22.5,91,humid_subtropical,spring,yes,warm and comfortable
OOL,12,December,24.0,129,humid_subtropical,summer_peak,yes,warm start to summer
MFM,1,January,16.0,33,humid_subtropical,winter,no,mild and relatively dry
MFM,2,February,17.2,52,humid_subtropical,winter,no,mild with more humidity
MFM,3,March,20.3,84,humid_subtropical,spring,no,warm spring weather
MFM,4,April,24.0,178,humid_subtropical,spring,yes,warm and greener
MFM,5,May,27.3,298,humid_subtropical,wet_season,no,hot and very humid
MFM,6,June,28.7,360,humid_subtropical,wet_season,no,very warm and rainy
MFM,7,July,29.0,280,humid_subtropical,wet_season,no,hottest stretch with storms
MFM,8,August,28.8,308,humid_subtropical,wet_season,no,hot and storm-prone
MFM,9,September,27.7,213,humid_subtropical,autumn_shoulder,yes,warm with easing rain
MFM,10,October,24.9,87,humid_subtropical,autumn_shoulder,yes,warm and much drier
MFM,11,November,21.0,42,humid_subtropical,pleasant_peak,yes,mild and pleasant
MFM,12,December,17.0,27,humid_subtropical,winter,no,cool winter weather
SHE,1,January,-11.2,6,continental_monsoon,winter,no,very cold and dry
SHE,2,February,-6.4,7,continental_monsoon,winter,no,cold late winter weather
SHE,3,March,1.4,17,continental_monsoon,spring,no,chilly early spring
SHE,4,April,9.8,39,continental_monsoon,spring,yes,mild and dry
SHE,5,May,16.8,58,continental_monsoon,spring,yes,warm and comfortable
SHE,6,June,22.1,82,continental_monsoon,summer_peak,yes,warm early summer
SHE,7,July,24.8,171,continental_monsoon,summer_peak,yes,warmest month with summer rain
SHE,8,August,23.5,158,continental_monsoon,summer_peak,yes,warm and greener
SHE,9,September,17.0,63,continental_monsoon,autumn_shoulder,yes,mild and clearer
SHE,10,October,9.2,35,continental_monsoon,autumn_shoulder,no,cool autumn weather
SHE,11,November,-0.2,18,continental_monsoon,winter,no,cold and dry
SHE,12,December,-7.8,9,continental_monsoon,winter,no,freezing winter weather
SRG,1,January,27.3,430,tropical_rainforest,wet_season,no,hot and very wet
SRG,2,February,27.5,369,tropical_rainforest,wet_season,no,warm with frequent rain
SRG,3,March,27.9,342,tropical_rainforest,wet_season,no,humid tropical weather
SRG,4,April,28.2,292,tropical_rainforest,humid_season,no,warm and rainy
SRG,5,May,28.4,198,tropical_rainforest,pleasant_peak,yes,hot with less rainfall
SRG,6,June,27.9,109,tropical_rainforest,pleasant_peak,yes,warm and one of the driest months
SRG,7,July,27.5,95,tropical_rainforest,pleasant_peak,yes,warm and relatively dry
SRG,8,August,27.7,89,tropical_rainforest,pleasant_peak,yes,warm tropical weather
SRG,9,September,28.1,121,tropical_rainforest,pleasant_peak,yes,hot and fairly dry
SRG,10,October,28.0,181,tropical_rainforest,humid_season,no,warm with more showers
SRG,11,November,27.6,301,tropical_rainforest,wet_season,no,humid and rainy
SRG,12,December,27.3,397,tropical_rainforest,wet_season,no,warm and very wet
PUS,1,January,3.8,34,humid_subtropical,winter,no,cold and relatively dry
PUS,2,February,5.2,47,humid_subtropical,winter,no,cool late winter weather
PUS,3,March,9.4,81,humid_subtropical,spring,no,milder early spring
PUS,4,April,14.4,127,humid_subtropical,spring,yes,pleasant spring weather
PUS,5,May,18.6,154,humid_subtropical,spring,yes,warm and greener
PUS,6,June,21.7,185,humid_subtropical,rainy_season,no,warm with early-summer rain
PUS,7,July,25.3,258,humid_subtropical,rainy_season,no,hot and very humid
PUS,8,August,26.8,259,humid_subtropical,summer_peak,yes,hottest month with beach weather
PUS,9,September,22.6,170,humid_subtropical,typhoon_risk,no,warm with storm risk
PUS,10,October,17.2,62,humid_subtropical,autumn_shoulder,yes,mild and drier
PUS,11,November,11.3,48,humid_subtropical,autumn_shoulder,no,cool and calmer
PUS,12,December,5.8,24,humid_subtropical,winter,no,cold winter weather
TSN,1,January,-2.2,4,continental_monsoon,winter,no,cold and dry
TSN,2,February,0.6,7,continental_monsoon,winter,no,cold late winter weather
TSN,3,March,6.6,10,continental_monsoon,spring,no,chilly early spring
TSN,4,April,14.5,22,continental_monsoon,spring,yes,mild and dry
TSN,5,May,20.4,34,continental_monsoon,spring,yes,warm and pleasant
TSN,6,June,25.3,58,continental_monsoon,summer_peak,yes,warm early summer
TSN,7,July,27.3,180,continental_monsoon,summer_peak,yes,hottest month with summer rain
TSN,8,August,26.1,171,continental_monsoon,summer_peak,yes,warm and humid
TSN,9,September,21.8,46,continental_monsoon,autumn_shoulder,yes,mild and clearer
TSN,10,October,14.5,22,continental_monsoon,autumn_shoulder,yes,cool and pleasant
TSN,11,November,6.0,8,continental_monsoon,winter,no,cold and dry
TSN,12,December,-0.5,4,continental_monsoon,winter,no,freezing winter weather
CRK,1,January,26.7,8,tropical_savanna,dry_season,yes,warm and dry
CRK,2,February,27.4,8,tropical_savanna,dry_season,yes,warmest and sunny
CRK,3,March,28.6,13,tropical_savanna,dry_season,yes,hot and very dry
CRK,4,April,29.8,22,tropical_savanna,dry_season,yes,hottest month
CRK,5,May,29.2,171,tropical_savanna,wet_season,no,humid with monsoon onset
CRK,6,June,28.0,223,tropical_savanna,wet_season,no,warm and rainy
CRK,7,July,27.4,312,tropical_savanna,wet_season,no,very wet peak monsoon
CRK,8,August,27.2,354,tropical_savanna,wet_season,no,humid and storm-prone
CRK,9,September,27.0,300,tropical_savanna,wet_season,no,warm and rainy
CRK,10,October,26.8,195,tropical_savanna,wet_season,no,humid with easing rain
CRK,11,November,26.7,92,tropical_savanna,dry_season,yes,warm with improving weather
CRK,12,December,26.4,37,tropical_savanna,dry_season,yes,warm and drier
WUH,1,January,4.1,43,humid_subtropical,winter,no,cold and damp
WUH,2,February,6.6,59,humid_subtropical,winter,no,cool late winter weather
WUH,3,March,11.1,93,humid_subtropical,spring,no,milder and wetter
WUH,4,April,17.6,116,humid_subtropical,spring,yes,pleasant spring weather
WUH,5,May,22.6,151,humid_subtropical,spring,yes,warm and green
WUH,6,June,26.1,225,humid_subtropical,wet_season,no,hot and very humid
WUH,7,July,29.4,210,humid_subtropical,wet_season,no,hottest stretch with summer rain
WUH,8,August,28.9,126,humid_subtropical,wet_season,no,hot and muggy
WUH,9,September,24.0,79,humid_subtropical,autumn_shoulder,yes,warm with easing rain
WUH,10,October,18.3,77,humid_subtropical,autumn_shoulder,yes,mild and comfortable
WUH,11,November,11.7,53,humid_subtropical,pleasant_peak,yes,cool and clearer
WUH,12,December,6.3,26,humid_subtropical,winter,no,cold winter weather
BER,1,January,0.9,42,temperate_oceanic,winter,no,cold and relatively dry
BER,2,February,2.0,33,temperate_oceanic,winter,no,cool late winter weather
BER,3,March,5.4,37,temperate_oceanic,spring,no,chilly early spring
BER,4,April,10.0,35,temperate_oceanic,spring,yes,mild and improving
BER,5,May,14.6,54,temperate_oceanic,spring,yes,pleasant and greener
BER,6,June,17.8,67,temperate_oceanic,summer_peak,yes,warm early summer
BER,7,July,20.1,58,temperate_oceanic,summer_peak,yes,warmest month
BER,8,August,19.7,58,temperate_oceanic,summer_peak,yes,warm and lively
BER,9,September,15.4,45,temperate_oceanic,autumn_shoulder,yes,mild and comfortable
BER,10,October,10.5,37,temperate_oceanic,autumn_shoulder,no,cool autumn weather
BER,11,November,5.5,45,temperate_oceanic,winter,no,chilly and grey
BER,12,December,2.3,51,temperate_oceanic,winter,no,cold winter weather
MAA,1,January,24.9,25,tropical_wet_dry,pleasant_peak,yes,warm and relatively dry
MAA,2,February,26.8,9,tropical_wet_dry,pleasant_peak,yes,warm and driest month
MAA,3,March,29.1,8,tropical_wet_dry,hot_season,no,hot and humid
MAA,4,April,31.4,16,tropical_wet_dry,hot_season,no,very hot and coastal humid
MAA,5,May,33.0,43,tropical_wet_dry,hot_season,no,hottest month
MAA,6,June,32.1,56,tropical_wet_dry,shoulder,no,hot with some rain
MAA,7,July,30.5,95,tropical_wet_dry,shoulder,no,hot and breezier
MAA,8,August,30.2,139,tropical_wet_dry,shoulder,no,warm with more rain
MAA,9,September,29.4,148,tropical_wet_dry,wet_season,no,humid with rainfall building
MAA,10,October,27.8,284,tropical_wet_dry,wet_season,no,very wet northeast monsoon
MAA,11,November,25.9,374,tropical_wet_dry,wet_season,no,wettest month
MAA,12,December,24.5,156,tropical_wet_dry,pleasant_peak,yes,warm with improving weather
TRZ,1,January,25.4,36,tropical_wet_dry,pleasant_peak,yes,warm and relatively dry
TRZ,2,February,26.7,20,tropical_wet_dry,pleasant_peak,yes,warm and mostly dry
TRZ,3,March,28.9,18,tropical_wet_dry,hot_season,no,hot and sunny
TRZ,4,April,30.8,33,tropical_wet_dry,hot_season,no,very hot pre-monsoon weather
TRZ,5,May,31.5,55,tropical_wet_dry,hot_season,no,hottest month
TRZ,6,June,30.4,48,tropical_wet_dry,shoulder,no,hot with moderate rain
TRZ,7,July,29.6,74,tropical_wet_dry,shoulder,no,warm with some showers
TRZ,8,August,29.4,116,tropical_wet_dry,wet_season,no,warm and wetter
TRZ,9,September,28.8,153,tropical_wet_dry,wet_season,no,humid with increasing rain
TRZ,10,October,27.1,206,tropical_wet_dry,wet_season,no,very wet northeast monsoon onset
TRZ,11,November,25.7,184,tropical_wet_dry,wet_season,no,warm and rainy
TRZ,12,December,24.8,91,tropical_wet_dry,pleasant_peak,yes,warm with better weather
BDO,1,January,23.3,221,tropical_rainforest,wet_season,no,mild and rainy
BDO,2,February,23.4,223,tropical_rainforest,wet_season,no,warm with frequent rain
BDO,3,March,23.6,269,tropical_rainforest,wet_season,no,humid mountain-basin rains
BDO,4,April,23.6,272,tropical_rainforest,wet_season,no,warm and very wet
BDO,5,May,23.5,182,tropical_rainforest,humid_season,no,mild with regular showers
BDO,6,June,23.2,87,tropical_rainforest,pleasant_peak,yes,mild and relatively dry
BDO,7,July,22.8,56,tropical_rainforest,pleasant_peak,yes,cooler and driest stretch
BDO,8,August,23.0,42,tropical_rainforest,pleasant_peak,yes,mild and dry-season weather
BDO,9,September,23.6,63,tropical_rainforest,pleasant_peak,yes,warm with low rainfall
BDO,10,October,24.0,120,tropical_rainforest,humid_season,no,warm with rainfall returning
BDO,11,November,23.8,209,tropical_rainforest,wet_season,no,humid and rainy
BDO,12,December,23.5,265,tropical_rainforest,wet_season,no,warm and very wet
VTE,1,January,21.8,8,tropical_savanna,dry_season,yes,warm and dry
VTE,2,February,24.8,13,tropical_savanna,dry_season,yes,warm and sunny
VTE,3,March,28.2,32,tropical_savanna,hot_season,no,hot and dry
VTE,4,April,29.8,77,tropical_savanna,hot_season,no,very hot with storms building
VTE,5,May,29.3,246,tropical_savanna,wet_season,no,humid with monsoon onset
VTE,6,June,28.4,280,tropical_savanna,wet_season,no,hot and rainy
VTE,7,July,27.7,272,tropical_savanna,wet_season,no,warm with regular heavy rain
VTE,8,August,27.4,334,tropical_savanna,wet_season,no,wettest month
VTE,9,September,27.2,297,tropical_savanna,wet_season,no,humid and wet
VTE,10,October,26.2,81,tropical_savanna,shoulder,yes,warm with easing rain
VTE,11,November,23.8,12,tropical_savanna,pleasant_peak,yes,warm and comfortable
VTE,12,December,21.0,4,tropical_savanna,pleasant_peak,yes,mild and dry
CJU,1,January,6.1,65,humid_subtropical,winter,no,cool and damp
CJU,2,February,6.8,58,humid_subtropical,winter,no,cool late winter weather
CJU,3,March,9.6,83,humid_subtropical,spring,no,mild early spring
CJU,4,April,13.9,109,humid_subtropical,spring,yes,pleasant spring weather
CJU,5,May,17.9,145,humid_subtropical,spring,yes,warm and greener
CJU,6,June,21.6,205,humid_subtropical,rainy_season,no,warm with monsoon rain
CJU,7,July,25.6,262,humid_subtropical,rainy_season,no,hot and very humid
CJU,8,August,27.0,263,humid_subtropical,summer_peak,yes,hottest month with beach weather
CJU,9,September,23.3,203,humid_subtropical,typhoon_risk,no,warm with storm risk
CJU,10,October,18.4,75,humid_subtropical,autumn_shoulder,yes,mild and drier
CJU,11,November,13.1,66,humid_subtropical,autumn_shoulder,no,cool and calmer
CJU,12,December,8.2,73,humid_subtropical,winter,no,cool winter weather
MUC,1,January,-0.5,53,temperate_oceanic,winter,no,cold and damp
MUC,2,February,0.6,47,temperate_oceanic,winter,no,cold late winter weather
MUC,3,March,4.5,52,temperate_oceanic,spring,no,chilly early spring
MUC,4,April,8.9,61,temperate_oceanic,spring,no,cool and greener
MUC,5,May,13.8,93,temperate_oceanic,spring,yes,mild and pleasant
MUC,6,June,17.2,120,temperate_oceanic,summer_peak,yes,warm early summer
MUC,7,July,19.0,122,temperate_oceanic,summer_peak,yes,warmest month
MUC,8,August,18.7,108,temperate_oceanic,summer_peak,yes,warm and scenic
MUC,9,September,14.3,87,temperate_oceanic,autumn_shoulder,yes,mild and comfortable
MUC,10,October,9.7,57,temperate_oceanic,autumn_shoulder,no,cool autumn weather
MUC,11,November,4.1,59,temperate_oceanic,winter,no,chilly and grey
MUC,12,December,0.8,58,temperate_oceanic,winter,no,cold winter weather
INN,1,January,-2.5,43,alpine,winter_peak,yes,cold alpine winter
INN,2,February,-0.8,42,alpine,winter_peak,yes,cold with snow conditions
INN,3,March,3.4,52,alpine,shoulder,no,chilly early spring
INN,4,April,8.0,59,alpine,shoulder,no,cool and greener
INN,5,May,12.5,84,alpine,spring,yes,mild alpine spring
INN,6,June,15.7,115,alpine,summer_peak,yes,warm and scenic
INN,7,July,17.7,136,alpine,summer_peak,yes,warmest month
INN,8,August,17.0,126,alpine,summer_peak,yes,warm alpine summer
INN,9,September,12.9,89,alpine,autumn_shoulder,yes,cool and comfortable
INN,10,October,8.3,59,alpine,autumn_shoulder,no,cool autumn weather
INN,11,November,2.6,54,alpine,winter,no,cold and greyer
INN,12,December,-1.3,47,alpine,winter_peak,yes,cold winter season
ZRH,1,January,0.4,63,temperate_oceanic,winter,no,cold and damp
ZRH,2,February,1.6,58,temperate_oceanic,winter,no,cold late winter weather
ZRH,3,March,5.2,70,temperate_oceanic,spring,no,chilly early spring
ZRH,4,April,9.3,79,temperate_oceanic,spring,no,mild and greener
ZRH,5,May,13.5,118,temperate_oceanic,spring,yes,pleasant and lush
ZRH,6,June,17.0,128,temperate_oceanic,summer_peak,yes,warm early summer
ZRH,7,July,18.9,128,temperate_oceanic,summer_peak,yes,warmest month
ZRH,8,August,18.4,128,temperate_oceanic,summer_peak,yes,warm and lively
ZRH,9,September,14.4,101,temperate_oceanic,autumn_shoulder,yes,mild and comfortable
ZRH,10,October,10.0,83,temperate_oceanic,autumn_shoulder,no,cool with autumn rain
ZRH,11,November,4.7,85,temperate_oceanic,winter,no,chilly and grey
ZRH,12,December,1.6,80,temperate_oceanic,winter,no,cold winter weather
MDL,1,January,21.7,5,tropical_savanna,dry_season,yes,warm and dry
MDL,2,February,24.3,3,tropical_savanna,dry_season,yes,warmest and driest month
MDL,3,March,28.0,8,tropical_savanna,hot_season,no,very hot and dry
MDL,4,April,30.7,39,tropical_savanna,hot_season,no,hottest month
MDL,5,May,29.3,140,tropical_savanna,wet_season,no,humid with monsoon onset
MDL,6,June,27.6,168,tropical_savanna,wet_season,no,warm and rainy
MDL,7,July,27.0,202,tropical_savanna,wet_season,no,wettest stretch
MDL,8,August,27.1,214,tropical_savanna,wet_season,no,humid and wet
MDL,9,September,27.5,147,tropical_savanna,wet_season,no,warm with lingering rain
MDL,10,October,27.3,128,tropical_savanna,wet_season,no,warm with late monsoon rain
MDL,11,November,25.1,62,tropical_savanna,pleasant_peak,yes,warm with improving weather
MDL,12,December,22.0,7,tropical_savanna,pleasant_peak,yes,mild and dry
AMS,1,January,3.6,69,temperate_oceanic,winter,no,cold and damp
AMS,2,February,3.9,53,temperate_oceanic,winter,no,cool late winter weather
AMS,3,March,6.7,56,temperate_oceanic,spring,no,chilly early spring
AMS,4,April,9.8,41,temperate_oceanic,spring,yes,mild and improving
AMS,5,May,13.8,55,temperate_oceanic,spring,yes,pleasant and greener
AMS,6,June,16.6,68,temperate_oceanic,summer_peak,yes,mild early summer
AMS,7,July,18.5,77,temperate_oceanic,summer_peak,yes,warmest month
AMS,8,August,18.3,83,temperate_oceanic,summer_peak,yes,mild and lively
AMS,9,September,15.1,80,temperate_oceanic,autumn_shoulder,yes,cool and comfortable
AMS,10,October,11.4,84,temperate_oceanic,autumn_shoulder,no,cooler with autumn rain
AMS,11,November,7.0,84,temperate_oceanic,winter,no,chilly and grey
AMS,12,December,4.4,82,temperate_oceanic,winter,no,cold winter weather
PER,1,January,25.0,9,mediterranean,summer_peak,yes,hot and dry
PER,2,February,25.3,12,mediterranean,summer_peak,yes,warm late summer weather
PER,3,March,23.4,19,mediterranean,autumn_shoulder,yes,warm and comfortable
PER,4,April,19.4,42,mediterranean,autumn_shoulder,yes,mild and drier
PER,5,May,15.9,102,mediterranean,autumn_shoulder,no,cooler with wetter spells
PER,6,June,13.4,169,mediterranean,winter,no,cool and wet
PER,7,July,12.6,167,mediterranean,winter,no,coolest month
PER,8,August,13.0,121,mediterranean,winter,no,cool winter weather
PER,9,September,14.3,76,mediterranean,spring,yes,mild and improving
PER,10,October,16.9,44,mediterranean,spring,yes,pleasant and sunnier
PER,11,November,20.2,22,mediterranean,spring,yes,warm and dry
PER,12,December,23.0,11,mediterranean,summer_peak,yes,warm start to summer
MEL,1,January,20.1,47,oceanic,summer_peak,yes,warm and pleasant
MEL,2,February,20.3,48,oceanic,summer_peak,yes,warmest month
MEL,3,March,18.4,50,oceanic,autumn_shoulder,yes,warm and comfortable
MEL,4,April,15.1,58,oceanic,autumn_shoulder,yes,mild autumn weather
MEL,5,May,11.8,58,oceanic,autumn_shoulder,no,cooler and greyer
MEL,6,June,9.4,49,oceanic,winter,no,cool winter weather
MEL,7,July,8.6,47,oceanic,winter,no,coolest month
MEL,8,August,9.5,50,oceanic,winter,no,cool and relatively dry
MEL,9,September,11.2,58,oceanic,spring,no,cool early spring
MEL,10,October,13.3,66,oceanic,spring,yes,mild and improving
MEL,11,November,15.6,60,oceanic,spring,yes,pleasant and lively
MEL,12,December,17.9,59,oceanic,summer_peak,yes,warm start to summer
CGO,1,January,0.8,9,continental_monsoon,winter,no,cold and dry
CGO,2,February,4.0,14,continental_monsoon,winter,no,cool late winter weather
CGO,3,March,10.0,27,continental_monsoon,spring,no,milder early spring
CGO,4,April,16.5,42,continental_monsoon,spring,yes,warm and dry
CGO,5,May,22.2,56,continental_monsoon,spring,yes,warm and comfortable
CGO,6,June,26.8,67,continental_monsoon,summer_peak,yes,hot early summer weather
CGO,7,July,27.8,175,continental_monsoon,summer_peak,yes,hottest month with summer rain
CGO,8,August,26.2,132,continental_monsoon,summer_peak,yes,warm and humid
CGO,9,September,22.3,62,continental_monsoon,autumn_shoulder,yes,mild with easing rain
CGO,10,October,16.1,41,continental_monsoon,autumn_shoulder,yes,cool and pleasant
CGO,11,November,8.5,22,continental_monsoon,winter,no,cold and dry
CGO,12,December,2.5,8,continental_monsoon,winter,no,freezing winter weather
KHN,1,January,6.1,78,humid_subtropical,winter,no,cold and damp
KHN,2,February,8.3,108,humid_subtropical,winter,no,cool late winter weather
KHN,3,March,12.8,155,humid_subtropical,spring,no,milder and wetter
KHN,4,April,18.2,207,humid_subtropical,spring,yes,warm and green
KHN,5,May,23.1,247,humid_subtropical,wet_season,no,hot and very humid
KHN,6,June,26.7,351,humid_subtropical,wet_season,no,very warm with heavy rain
KHN,7,July,29.5,213,humid_subtropical,wet_season,no,hottest stretch
KHN,8,August,29.0,141,humid_subtropical,wet_season,no,hot and muggy
KHN,9,September,24.8,85,humid_subtropical,autumn_shoulder,yes,warm with easing rain
KHN,10,October,19.2,62,humid_subtropical,autumn_shoulder,yes,mild and comfortable
KHN,11,November,13.2,64,humid_subtropical,pleasant_peak,yes,cool and clearer
KHN,12,December,8.0,49,humid_subtropical,winter,no,cold winter weather
NNG,1,January,12.8,22,humid_subtropical,winter,no,mild and relatively dry
NNG,2,February,14.8,37,humid_subtropical,winter,no,mild and damp
NNG,3,March,18.2,50,humid_subtropical,spring,no,warm spring weather
NNG,4,April,22.4,79,humid_subtropical,spring,yes,warm and greener
NNG,5,May,26.3,154,humid_subtropical,wet_season,no,hot and humid
NNG,6,June,28.0,212,humid_subtropical,wet_season,no,very warm and rainy
NNG,7,July,28.8,212,humid_subtropical,wet_season,no,hottest stretch with storms
NNG,8,August,28.4,200,humid_subtropical,wet_season,no,hot and storm-prone
NNG,9,September,27.3,86,humid_subtropical,autumn_shoulder,yes,warm with easing rain
NNG,10,October,23.4,43,humid_subtropical,autumn_shoulder,yes,warm and much drier
NNG,11,November,18.3,27,humid_subtropical,pleasant_peak,yes,mild and comfortable
NNG,12,December,13.9,18,humid_subtropical,winter,no,cool and dry
TNA,1,January,-0.4,8,continental_monsoon,winter,no,cold and dry
TNA,2,February,2.8,12,continental_monsoon,winter,no,cool late winter weather
TNA,3,March,9.3,20,continental_monsoon,spring,no,milder early spring
TNA,4,April,16.2,33,continental_monsoon,spring,yes,warm and dry
TNA,5,May,22.1,49,continental_monsoon,spring,yes,warm and comfortable
TNA,6,June,26.5,73,continental_monsoon,summer_peak,yes,hot early summer weather
TNA,7,July,27.9,196,continental_monsoon,summer_peak,yes,hottest month with summer rain
TNA,8,August,26.5,161,continental_monsoon,summer_peak,yes,warm and humid
TNA,9,September,22.4,54,continental_monsoon,autumn_shoulder,yes,mild with easing rain
TNA,10,October,15.8,28,continental_monsoon,autumn_shoulder,yes,cool and pleasant
TNA,11,November,7.4,18,continental_monsoon,winter,no,cold and dry
TNA,12,December,1.4,8,continental_monsoon,winter,no,freezing winter weather
TAO,1,January,0.6,12,continental_monsoon,winter,no,cold and dry
TAO,2,February,2.1,17,continental_monsoon,winter,no,cool late winter weather
TAO,3,March,6.6,22,continental_monsoon,spring,no,chilly early spring
TAO,4,April,12.5,34,continental_monsoon,spring,yes,mild and dry
TAO,5,May,18.1,53,continental_monsoon,spring,yes,warm and pleasant
TAO,6,June,22.3,67,continental_monsoon,summer_peak,yes,warm early summer weather
TAO,7,July,25.1,165,continental_monsoon,summer_peak,yes,warmest month with summer rain
TAO,8,August,25.1,172,continental_monsoon,summer_peak,yes,warm and humid
TAO,9,September,21.0,77,continental_monsoon,autumn_shoulder,yes,mild and clearer
TAO,10,October,14.9,37,continental_monsoon,autumn_shoulder,yes,cool and pleasant
TAO,11,November,8.0,24,continental_monsoon,winter,no,cold and dry
TAO,12,December,2.4,15,continental_monsoon,winter,no,freezing winter weather
DRW,1,January,28.8,422,tropical_savanna,wet_season,no,hot and very wet
DRW,2,February,28.5,364,tropical_savanna,wet_season,no,humid tropical storms
DRW,3,March,28.8,319,tropical_savanna,wet_season,no,hot with monsoonal rain
DRW,4,April,28.4,97,tropical_savanna,shoulder,no,hot with rain easing
DRW,5,May,26.7,23,tropical_savanna,dry_season,yes,warm and dry
DRW,6,June,25.0,2,tropical_savanna,dry_season,yes,warm and sunny
DRW,7,July,24.9,1,tropical_savanna,dry_season,yes,coolest and driest month
DRW,8,August,26.3,5,tropical_savanna,dry_season,yes,warm dry-season weather
DRW,9,September,28.3,15,tropical_savanna,dry_season,yes,hot and beach-friendly
DRW,10,October,29.4,71,tropical_savanna,shoulder,no,very hot with humidity returning
DRW,11,November,29.5,142,tropical_savanna,wet_season,no,hottest month with storms
DRW,12,December,29.3,248,tropical_savanna,wet_season,no,hot and rainy
BPN,1,January,26.8,226,tropical_rainforest,wet_season,no,warm and rainy
BPN,2,February,27.0,205,tropical_rainforest,wet_season,no,warm with frequent showers
BPN,3,March,27.3,198,tropical_rainforest,wet_season,no,humid tropical weather
BPN,4,April,27.6,177,tropical_rainforest,humid_season,no,warm with regular rain
BPN,5,May,27.8,154,tropical_rainforest,humid_season,no,hot with frequent showers
BPN,6,June,27.5,117,tropical_rainforest,pleasant_peak,yes,warm and relatively drier
BPN,7,July,27.0,106,tropical_rainforest,pleasant_peak,yes,warm and beach-friendly
BPN,8,August,27.1,87,tropical_rainforest,pleasant_peak,yes,warm with least rain
BPN,9,September,27.4,101,tropical_rainforest,pleasant_peak,yes,hot and fairly dry
BPN,10,October,27.6,142,tropical_rainforest,humid_season,no,warm with showers increasing
BPN,11,November,27.2,183,tropical_rainforest,wet_season,no,humid and rainy
BPN,12,December,26.9,230,tropical_rainforest,wet_season,no,warm and very wet
UPG,1,January,27.5,741,tropical_monsoon,wet_season,no,hot and extremely wet
UPG,2,February,27.4,555,tropical_monsoon,wet_season,no,warm with heavy monsoon rain
UPG,3,March,27.6,390,tropical_monsoon,wet_season,no,humid and rainy
UPG,4,April,28.0,221,tropical_monsoon,shoulder,no,warm with easing rain
UPG,5,May,28.1,96,tropical_monsoon,dry_season,yes,warm and drier
UPG,6,June,27.3,52,tropical_monsoon,dry_season,yes,warm and relatively dry
UPG,7,July,26.7,47,tropical_monsoon,dry_season,yes,warm dry-season weather
UPG,8,August,26.8,26,tropical_monsoon,dry_season,yes,warm and sunniest period
UPG,9,September,27.5,28,tropical_monsoon,dry_season,yes,hot and dry
UPG,10,October,28.5,66,tropical_monsoon,dry_season,yes,hottest dry-season month
UPG,11,November,28.6,133,tropical_monsoon,shoulder,no,hot with rain returning
UPG,12,December,28.0,437,tropical_monsoon,wet_season,no,hot and very wet
HKT,1,January,27.5,40,tropical_monsoon,pleasant_peak,yes,warm and sunny
HKT,2,February,27.9,30,tropical_monsoon,pleasant_peak,yes,warmest and driest month
HKT,3,March,28.5,61,tropical_monsoon,pleasant_peak,yes,hot and beach-friendly
HKT,4,April,29.0,124,tropical_monsoon,shoulder,no,hot with more humidity
HKT,5,May,28.8,255,tropical_monsoon,wet_season,no,warm with monsoon onset
HKT,6,June,28.4,243,tropical_monsoon,wet_season,no,humid and rainy
HKT,7,July,28.0,282,tropical_monsoon,wet_season,no,warm tropical showers
HKT,8,August,27.9,285,tropical_monsoon,wet_season,no,wettest stretch
HKT,9,September,27.5,400,tropical_monsoon,wet_season,no,very wet and storm-prone
HKT,10,October,27.4,322,tropical_monsoon,wet_season,no,heavy late-monsoon rainfall
HKT,11,November,27.1,177,tropical_monsoon,pleasant_peak,yes,warm with improving weather
HKT,12,December,26.9,79,tropical_monsoon,pleasant_peak,yes,warm and drier
SFO,1,January,11.0,119,warm_summer_mediterranean,winter_wet,no,cool and wetter winter weather
SFO,2,February,12.2,112,warm_summer_mediterranean,winter_wet,no,mild with winter rain
SFO,3,March,13.3,72,warm_summer_mediterranean,shoulder,no,mild and improving
SFO,4,April,14.4,38,warm_summer_mediterranean,shoulder,yes,pleasant and drier
SFO,5,May,15.6,18,warm_summer_mediterranean,shoulder,yes,mild and mostly dry
SFO,6,June,17.3,5,warm_summer_mediterranean,summer_peak,yes,mild and dry
SFO,7,July,18.3,0,warm_summer_mediterranean,summer_peak,yes,warmest and driest month
SFO,8,August,18.9,2,warm_summer_mediterranean,summer_peak,yes,mild and sunny
SFO,9,September,19.5,5,warm_summer_mediterranean,summer_peak,yes,warm and pleasant
SFO,10,October,18.3,31,warm_summer_mediterranean,autumn_shoulder,yes,warm with little rain
SFO,11,November,14.5,59,warm_summer_mediterranean,autumn_shoulder,no,cooler with rain returning
SFO,12,December,11.2,102,warm_summer_mediterranean,winter_wet,no,cool and wetter
FOC,1,January,11.4,38,humid_subtropical,winter,no,mild and relatively dry
FOC,2,February,13.0,48,humid_subtropical,winter,no,mild late winter weather
FOC,3,March,16.2,93,humid_subtropical,spring,no,warm spring weather
FOC,4,April,20.8,137,humid_subtropical,spring,yes,pleasant and greener
FOC,5,May,24.5,190,humid_subtropical,wet_season,no,hot and humid
FOC,6,June,27.1,248,humid_subtropical,wet_season,no,very warm and rainy
FOC,7,July,29.1,148,humid_subtropical,wet_season,no,hottest stretch
FOC,8,August,28.8,214,humid_subtropical,wet_season,no,hot and storm-prone
FOC,9,September,27.1,162,humid_subtropical,autumn_shoulder,yes,warm with easing rain
FOC,10,October,23.2,58,humid_subtropical,autumn_shoulder,yes,warm and drier
FOC,11,November,18.1,32,humid_subtropical,pleasant_peak,yes,mild and comfortable
FOC,12,December,13.5,28,humid_subtropical,winter,no,cool winter weather
NGB,1,January,4.6,73,humid_subtropical,winter,no,cold and damp
NGB,2,February,6.3,88,humid_subtropical,winter,no,cool late winter weather
NGB,3,March,10.3,120,humid_subtropical,spring,no,milder and wetter
NGB,4,April,15.8,112,humid_subtropical,spring,yes,pleasant spring weather
NGB,5,May,20.6,124,humid_subtropical,spring,yes,warm and green
NGB,6,June,24.0,209,humid_subtropical,wet_season,no,warm with plum rains
NGB,7,July,28.0,155,humid_subtropical,wet_season,no,hottest stretch
NGB,8,August,27.7,162,humid_subtropical,wet_season,no,hot and humid
NGB,9,September,23.6,164,humid_subtropical,autumn_shoulder,yes,warm with easing rain
NGB,10,October,18.2,70,humid_subtropical,autumn_shoulder,yes,mild and comfortable
NGB,11,November,12.3,55,humid_subtropical,pleasant_peak,yes,cool and clearer
NGB,12,December,6.6,47,humid_subtropical,winter,no,cold winter weather
BRS,1,January,5.4,94,temperate_oceanic,winter,no,cold and damp
BRS,2,February,5.7,67,temperate_oceanic,winter,no,cool late winter weather
BRS,3,March,7.8,70,temperate_oceanic,spring,no,chilly early spring
BRS,4,April,9.8,57,temperate_oceanic,spring,yes,mild and improving
BRS,5,May,12.9,61,temperate_oceanic,spring,yes,pleasant and greener
BRS,6,June,15.8,64,temperate_oceanic,summer_peak,yes,mild early summer
BRS,7,July,17.8,62,temperate_oceanic,summer_peak,yes,warmest month
BRS,8,August,17.7,71,temperate_oceanic,summer_peak,yes,mild and lively
BRS,9,September,15.1,77,temperate_oceanic,autumn_shoulder,yes,cool and comfortable
BRS,10,October,11.8,92,temperate_oceanic,autumn_shoulder,no,cooler with autumn rain
BRS,11,November,8.4,98,temperate_oceanic,winter,no,chilly and grey
BRS,12,December,6.1,94,temperate_oceanic,winter,no,cold winter weather
CWL,1,January,5.0,121,temperate_oceanic,winter,no,cold and wet
CWL,2,February,5.1,87,temperate_oceanic,winter,no,cool late winter weather
CWL,3,March,6.8,88,temperate_oceanic,spring,no,chilly early spring
CWL,4,April,9.0,62,temperate_oceanic,spring,yes,mild and improving
CWL,5,May,12.2,67,temperate_oceanic,spring,yes,pleasant and greener
CWL,6,June,15.0,68,temperate_oceanic,summer_peak,yes,mild early summer
CWL,7,July,17.0,73,temperate_oceanic,summer_peak,yes,warmest month
CWL,8,August,16.9,84,temperate_oceanic,summer_peak,yes,mild and lively
CWL,9,September,14.6,89,temperate_oceanic,autumn_shoulder,yes,cool and comfortable
CWL,10,October,11.3,119,temperate_oceanic,autumn_shoulder,no,cooler with heavy rain
CWL,11,November,8.0,124,temperate_oceanic,winter,no,chilly and wet
CWL,12,December,5.8,127,temperate_oceanic,winter,no,cold winter weather
OKA,1,January,17.0,114,humid_subtropical,winter,no,mild and relatively dry
OKA,2,February,17.5,119,humid_subtropical,winter,no,mild late winter weather
OKA,3,March,19.4,157,humid_subtropical,spring,no,warm spring weather
OKA,4,April,22.4,161,humid_subtropical,spring,yes,warm and beach-friendly
OKA,5,May,25.2,245,humid_subtropical,spring,yes,warm with more showers
OKA,6,June,27.8,285,humid_subtropical,rainy_season,no,hot and humid
OKA,7,July,29.4,176,humid_subtropical,summer_peak,yes,hottest month
OKA,8,August,29.2,240,humid_subtropical,summer_peak,yes,hot with beach weather
OKA,9,September,28.1,276,humid_subtropical,typhoon_risk,no,warm with storm risk
OKA,10,October,25.7,181,humid_subtropical,autumn_shoulder,yes,warm with easing rain
OKA,11,November,22.2,110,humid_subtropical,autumn_shoulder,yes,mild and more settled
OKA,12,December,18.5,102,humid_subtropical,winter,no,cool and damp
SWA,1,January,14.2,28,humid_subtropical,winter,no,mild and relatively dry
SWA,2,February,15.8,49,humid_subtropical,winter,no,mild late winter weather
SWA,3,March,19.0,88,humid_subtropical,spring,no,warm spring weather
SWA,4,April,23.3,147,humid_subtropical,spring,yes,warm and greener
SWA,5,May,26.8,214,humid_subtropical,wet_season,no,hot and humid
SWA,6,June,28.3,265,humid_subtropical,wet_season,no,very warm and rainy
SWA,7,July,29.1,198,humid_subtropical,wet_season,no,hottest stretch
SWA,8,August,28.7,235,humid_subtropical,wet_season,no,hot and storm-prone
SWA,9,September,27.5,158,humid_subtropical,autumn_shoulder,yes,warm with easing rain
SWA,10,October,24.5,57,humid_subtropical,autumn_shoulder,yes,warm and drier
SWA,11,November,20.0,27,humid_subtropical,pleasant_peak,yes,mild and comfortable
SWA,12,December,15.7,25,humid_subtropical,winter,no,cool winter weather
HGH,1,January,5.7,74,humid_subtropical,winter,no,cold and damp
HGH,2,February,7.8,88,humid_subtropical,winter,no,cool late winter weather
HGH,3,March,11.8,141,humid_subtropical,spring,no,milder and wetter
HGH,4,April,17.3,143,humid_subtropical,spring,yes,pleasant spring weather
HGH,5,May,22.2,156,humid_subtropical,spring,yes,warm and green
HGH,6,June,25.3,258,humid_subtropical,wet_season,no,hot with plum rains
HGH,7,July,29.0,143,humid_subtropical,wet_season,no,hottest stretch
HGH,8,August,28.5,162,humid_subtropical,wet_season,no,hot and humid
HGH,9,September,24.0,145,humid_subtropical,autumn_shoulder,yes,warm with easing rain
HGH,10,October,18.7,65,humid_subtropical,autumn_shoulder,yes,mild and comfortable
HGH,11,November,12.8,58,humid_subtropical,pleasant_peak,yes,cool and clearer
HGH,12,December,7.4,40,humid_subtropical,winter,no,cold winter weather
PSR,1,January,8.9,66,mediterranean,winter,no,cool and wetter
PSR,2,February,9.4,61,mediterranean,winter,no,cool late winter weather
PSR,3,March,11.5,59,mediterranean,spring,no,mild and improving
PSR,4,April,14.1,51,mediterranean,spring,yes,pleasant spring weather
PSR,5,May,18.4,43,mediterranean,spring,yes,warm and comfortable
PSR,6,June,22.8,32,mediterranean,summer_peak,yes,warm and drier
PSR,7,July,25.7,19,mediterranean,summer_peak,yes,hot and sunny
PSR,8,August,25.8,25,mediterranean,summer_peak,yes,hottest summer weather
PSR,9,September,22.0,56,mediterranean,autumn_shoulder,yes,warm with some rain
PSR,10,October,17.6,97,mediterranean,autumn_shoulder,no,mild with wetter spells
PSR,11,November,13.0,100,mediterranean,winter,no,cooler and damp
PSR,12,December,9.9,76,mediterranean,winter,no,cool winter weather
TPS,1,January,12.6,65,mediterranean,winter,no,cool and wetter
TPS,2,February,12.8,57,mediterranean,winter,no,cool late winter weather
TPS,3,March,14.7,54,mediterranean,spring,no,mild and improving
TPS,4,April,17.4,43,mediterranean,spring,yes,pleasant spring weather
TPS,5,May,21.4,25,mediterranean,spring,yes,warm and comfortable
TPS,6,June,25.5,8,mediterranean,summer_peak,yes,hot and dry
TPS,7,July,28.3,3,mediterranean,summer_peak,yes,hottest and driest month
TPS,8,August,28.8,6,mediterranean,summer_peak,yes,hot summer beach weather
TPS,9,September,25.1,39,mediterranean,autumn_shoulder,yes,warm and mostly dry
TPS,10,October,21.0,94,mediterranean,autumn_shoulder,no,mild with wetter spells
TPS,11,November,17.0,78,mediterranean,winter,no,cooler and damper
TPS,12,December,13.8,79,mediterranean,winter,no,cool winter weather
OLB,1,January,10.7,57,mediterranean,winter,no,cool and wetter
OLB,2,February,11.1,53,mediterranean,winter,no,cool late winter weather
OLB,3,March,13.0,46,mediterranean,spring,no,mild and improving
OLB,4,April,15.4,39,mediterranean,spring,yes,pleasant spring weather
OLB,5,May,19.3,24,mediterranean,spring,yes,warm and comfortable
OLB,6,June,23.5,9,mediterranean,summer_peak,yes,warm and dry
OLB,7,July,26.4,3,mediterranean,summer_peak,yes,hottest and driest month
OLB,8,August,26.6,8,mediterranean,summer_peak,yes,hot summer beach weather
OLB,9,September,22.8,31,mediterranean,autumn_shoulder,yes,warm and mostly dry
OLB,10,October,18.7,76,mediterranean,autumn_shoulder,no,mild with wetter spells
OLB,11,November,14.5,78,mediterranean,winter,no,cooler and damp
OLB,12,December,11.4,66,mediterranean,winter,no,cool winter weather
AHO,1,January,10.3,45,mediterranean,winter,no,cool and relatively dry
AHO,2,February,10.7,49,mediterranean,winter,no,cool late winter weather
AHO,3,March,12.8,41,mediterranean,spring,no,mild and improving
AHO,4,April,15.4,39,mediterranean,spring,yes,pleasant spring weather
AHO,5,May,19.3,24,mediterranean,spring,yes,warm and comfortable
AHO,6,June,23.8,9,mediterranean,summer_peak,yes,warm and dry
AHO,7,July,26.8,4,mediterranean,summer_peak,yes,hottest and driest month
AHO,8,August,27.0,8,mediterranean,summer_peak,yes,hot summer beach weather
AHO,9,September,23.1,36,mediterranean,autumn_shoulder,yes,warm and mostly dry
AHO,10,October,18.7,69,mediterranean,autumn_shoulder,no,mild with wetter spells
AHO,11,November,14.1,77,mediterranean,winter,no,cooler and damper
AHO,12,December,11.0,55,mediterranean,winter,no,cool winter weather
CJB,1,January,24.0,13,tropical_savanna,pleasant_peak,yes,warm and dry
CJB,2,February,25.7,17,tropical_savanna,pleasant_peak,yes,warm and mostly dry
CJB,3,March,27.7,24,tropical_savanna,hot_season,no,hot and sunny
CJB,4,April,28.3,46,tropical_savanna,hot_season,no,very warm pre-monsoon weather
CJB,5,May,27.0,86,tropical_savanna,pre_monsoon,no,warm with increasing rain
CJB,6,June,24.3,78,tropical_savanna,monsoon,yes,milder with southwest monsoon
CJB,7,July,23.2,62,tropical_savanna,monsoon,yes,cooler and cloudy
CJB,8,August,23.1,56,tropical_savanna,monsoon,yes,mild and relatively dry
CJB,9,September,23.4,73,tropical_savanna,monsoon,yes,mild with some rain
CJB,10,October,23.9,155,tropical_savanna,post_monsoon,no,mild with heavier showers
CJB,11,November,23.6,139,tropical_savanna,pleasant_peak,yes,warm with better weather
CJB,12,December,23.2,49,tropical_savanna,pleasant_peak,yes,warm and drier
VTZ,1,January,24.7,10,tropical_savanna,pleasant_peak,yes,warm and dry
VTZ,2,February,26.2,16,tropical_savanna,pleasant_peak,yes,warm and mostly dry
VTZ,3,March,28.7,20,tropical_savanna,hot_season,no,hot and humid
VTZ,4,April,30.5,33,tropical_savanna,hot_season,no,very hot pre-monsoon weather
VTZ,5,May,30.2,72,tropical_savanna,pre_monsoon,no,hottest month with storms
VTZ,6,June,28.6,163,tropical_savanna,monsoon,no,hot with monsoon onset
VTZ,7,July,27.5,218,tropical_savanna,monsoon,no,warm and very humid
VTZ,8,August,27.4,207,tropical_savanna,monsoon,no,warm and rainy
VTZ,9,September,27.6,183,tropical_savanna,monsoon,no,warm with lingering rain
VTZ,10,October,27.1,189,tropical_savanna,post_monsoon,no,warm with autumn showers
VTZ,11,November,25.8,73,tropical_savanna,pleasant_peak,yes,warm with improving weather
VTZ,12,December,24.2,16,tropical_savanna,pleasant_peak,yes,warm and dry
MYY,1,January,27.0,158,tropical_rainforest,humid_season,no,warm with regular rain
MYY,2,February,27.2,127,tropical_rainforest,pleasant_peak,yes,warm and relatively drier
MYY,3,March,27.8,162,tropical_rainforest,humid_season,no,hot and humid
MYY,4,April,28.3,173,tropical_rainforest,humid_season,no,warm tropical showers
MYY,5,May,28.3,178,tropical_rainforest,humid_season,no,warm with frequent showers
MYY,6,June,28.1,171,tropical_rainforest,pleasant_peak,yes,warm and manageable rain
MYY,7,July,27.7,178,tropical_rainforest,pleasant_peak,yes,warm tropical weather
MYY,8,August,27.8,183,tropical_rainforest,pleasant_peak,yes,warm and relatively dry
MYY,9,September,27.5,203,tropical_rainforest,humid_season,no,humid with more showers
MYY,10,October,27.2,275,tropical_rainforest,wet_season,no,wet inter-monsoon period
MYY,11,November,26.9,318,tropical_rainforest,wet_season,no,very wet and humid
MYY,12,December,26.8,228,tropical_rainforest,wet_season,no,warm and rainy
AOR,1,January,27.1,32,tropical_monsoon,pleasant_peak,yes,warm and sunny
AOR,2,February,27.6,31,tropical_monsoon,pleasant_peak,yes,warmest and driest month
AOR,3,March,28.3,78,tropical_monsoon,pleasant_peak,yes,hot with manageable rain
AOR,4,April,28.8,151,tropical_monsoon,shoulder,no,hot and more humid
AOR,5,May,28.8,182,tropical_monsoon,humid_season,no,warm with frequent showers
AOR,6,June,28.4,113,tropical_monsoon,pleasant_peak,yes,warm and relatively drier
AOR,7,July,28.1,110,tropical_monsoon,pleasant_peak,yes,warm tropical weather
AOR,8,August,28.1,142,tropical_monsoon,humid_season,no,warm with some rain
AOR,9,September,27.9,197,tropical_monsoon,wet_season,no,warm with heavy rain
AOR,10,October,28.0,242,tropical_monsoon,wet_season,no,wettest period
AOR,11,November,27.7,175,tropical_monsoon,humid_season,no,humid and rainy
AOR,12,December,27.3,87,tropical_monsoon,pleasant_peak,yes,warm with improving weather
JHB,1,January,27.3,171,tropical_rainforest,humid_season,no,warm with frequent rain
JHB,2,February,27.7,126,tropical_rainforest,pleasant_peak,yes,warm and relatively drier
JHB,3,March,28.0,185,tropical_rainforest,humid_season,no,hot and humid
JHB,4,April,28.2,203,tropical_rainforest,humid_season,no,warm tropical showers
JHB,5,May,28.1,161,tropical_rainforest,pleasant_peak,yes,warm with manageable rain
JHB,6,June,27.8,118,tropical_rainforest,pleasant_peak,yes,warm and drier
JHB,7,July,27.6,131,tropical_rainforest,pleasant_peak,yes,warm tropical weather
JHB,8,August,27.6,163,tropical_rainforest,humid_season,no,warm with some rain
JHB,9,September,27.3,190,tropical_rainforest,humid_season,no,humid and wetter
JHB,10,October,27.2,248,tropical_rainforest,wet_season,no,wet inter-monsoon period
JHB,11,November,26.8,288,tropical_rainforest,wet_season,no,very wet and humid
JHB,12,December,26.8,233,tropical_rainforest,wet_season,no,warm and rainy
TGG,1,January,26.7,188,tropical_rainforest,humid_season,no,warm with regular rain
TGG,2,February,27.1,135,tropical_rainforest,pleasant_peak,yes,warm and relatively drier
TGG,3,March,27.6,145,tropical_rainforest,humid_season,no,hot and humid
TGG,4,April,27.9,157,tropical_rainforest,humid_season,no,warm tropical showers
TGG,5,May,28.0,153,tropical_rainforest,humid_season,no,warm with frequent showers
TGG,6,June,27.8,154,tropical_rainforest,pleasant_peak,yes,warm and manageable rain
TGG,7,July,27.5,165,tropical_rainforest,pleasant_peak,yes,warm tropical weather
TGG,8,August,27.5,181,tropical_rainforest,humid_season,no,warm with more showers
TGG,9,September,27.3,215,tropical_rainforest,humid_season,no,humid and wetter
TGG,10,October,27.1,264,tropical_rainforest,wet_season,no,wet inter-monsoon period
TGG,11,November,26.7,325,tropical_rainforest,wet_season,no,very wet and humid
TGG,12,December,26.6,261,tropical_rainforest,wet_season,no,warm and rainy
BTU,1,January,26.2,241,tropical_rainforest,wet_season,no,warm and rainy
BTU,2,February,26.5,186,tropical_rainforest,humid_season,no,warm with frequent showers
BTU,3,March,27.2,162,tropical_rainforest,pleasant_peak,yes,hot and relatively drier
BTU,4,April,27.8,158,tropical_rainforest,pleasant_peak,yes,warm tropical weather
BTU,5,May,28.2,142,tropical_rainforest,pleasant_peak,yes,warm with manageable rain
BTU,6,June,28.1,132,tropical_rainforest,pleasant_peak,yes,hot and one of the driest months
BTU,7,July,27.7,151,tropical_rainforest,pleasant_peak,yes,warm tropical weather
BTU,8,August,27.8,173,tropical_rainforest,humid_season,no,warm with some rain
BTU,9,September,27.5,196,tropical_rainforest,humid_season,no,humid and wetter
BTU,10,October,27.2,266,tropical_rainforest,wet_season,no,very wet shoulder month
BTU,11,November,26.8,305,tropical_rainforest,wet_season,no,humid and rainy
BTU,12,December,26.4,289,tropical_rainforest,wet_season,no,warm and very wet
SBW,1,January,26.2,276,tropical_rainforest,wet_season,no,warm and rainy
SBW,2,February,26.5,227,tropical_rainforest,wet_season,no,warm with frequent rain
SBW,3,March,27.0,221,tropical_rainforest,humid_season,no,humid tropical weather
SBW,4,April,27.4,230,tropical_rainforest,humid_season,no,warm and rainy
SBW,5,May,27.8,226,tropical_rainforest,humid_season,no,hot with regular showers
SBW,6,June,27.5,203,tropical_rainforest,humid_season,no,warm with moderate rain
SBW,7,July,27.1,214,tropical_rainforest,humid_season,no,warm tropical weather
SBW,8,August,27.2,237,tropical_rainforest,humid_season,no,warm with more showers
SBW,9,September,27.0,264,tropical_rainforest,wet_season,no,humid and wet
SBW,10,October,26.9,321,tropical_rainforest,wet_season,no,very wet shoulder month
SBW,11,November,26.5,335,tropical_rainforest,wet_season,no,wettest stretch
SBW,12,December,26.2,302,tropical_rainforest,wet_season,no,warm and rainy
LBU,1,January,26.3,336,tropical_rainforest,wet_season,no,warm and very wet
LBU,2,February,26.5,241,tropical_rainforest,wet_season,no,warm with heavy rain
LBU,3,March,27.0,187,tropical_rainforest,humid_season,no,humid tropical weather
LBU,4,April,27.4,168,tropical_rainforest,pleasant_peak,yes,warm and relatively drier
LBU,5,May,27.7,141,tropical_rainforest,pleasant_peak,yes,hot tropical weather
LBU,6,June,27.6,111,tropical_rainforest,pleasant_peak,yes,warm and one of the driest months
LBU,7,July,27.2,125,tropical_rainforest,pleasant_peak,yes,warm tropical weather
LBU,8,August,27.3,148,tropical_rainforest,pleasant_peak,yes,warm with manageable rain
LBU,9,September,27.1,181,tropical_rainforest,humid_season,no,humid and wetter
LBU,10,October,27.0,249,tropical_rainforest,wet_season,no,very wet shoulder month
LBU,11,November,26.7,303,tropical_rainforest,wet_season,no,humid and rainy
LBU,12,December,26.4,348,tropical_rainforest,wet_season,no,warm and very wet
SDK,1,January,26.5,194,tropical_rainforest,humid_season,no,warm with regular rain
SDK,2,February,26.8,152,tropical_rainforest,pleasant_peak,yes,warm and relatively drier
SDK,3,March,27.3,136,tropical_rainforest,pleasant_peak,yes,hot tropical weather
SDK,4,April,27.7,150,tropical_rainforest,pleasant_peak,yes,warm with manageable rain
SDK,5,May,27.9,172,tropical_rainforest,humid_season,no,warm with more showers
SDK,6,June,27.7,163,tropical_rainforest,humid_season,no,warm tropical weather
SDK,7,July,27.4,181,tropical_rainforest,humid_season,no,humid with regular rain
SDK,8,August,27.4,220,tropical_rainforest,wet_season,no,warm and wetter
SDK,9,September,27.2,274,tropical_rainforest,wet_season,no,humid and very wet
SDK,10,October,27.0,315,tropical_rainforest,wet_season,no,wettest period
SDK,11,November,26.7,301,tropical_rainforest,wet_season,no,humid and rainy
SDK,12,December,26.4,243,tropical_rainforest,wet_season,no,warm with lingering rain
TWU,1,January,26.3,245,tropical_rainforest,wet_season,no,warm and rainy
TWU,2,February,26.6,217,tropical_rainforest,wet_season,no,warm with frequent rain
TWU,3,March,27.2,196,tropical_rainforest,humid_season,no,humid tropical weather
TWU,4,April,27.7,184,tropical_rainforest,humid_season,no,warm with regular showers
TWU,5,May,28.0,176,tropical_rainforest,humid_season,no,hot and humid
TWU,6,June,27.8,159,tropical_rainforest,pleasant_peak,yes,warm and somewhat drier
TWU,7,July,27.5,170,tropical_rainforest,pleasant_peak,yes,warm tropical weather
TWU,8,August,27.5,185,tropical_rainforest,humid_season,no,warm with more showers
TWU,9,September,27.3,219,tropical_rainforest,humid_season,no,humid and wetter
TWU,10,October,27.1,258,tropical_rainforest,wet_season,no,very wet shoulder month
TWU,11,November,26.8,276,tropical_rainforest,wet_season,no,humid and rainy
TWU,12,December,26.5,262,tropical_rainforest,wet_season,no,warm and rainy
MKZ,1,January,27.3,117,tropical_rainforest,pleasant_peak,yes,warm and relatively dry
MKZ,2,February,27.7,82,tropical_rainforest,pleasant_peak,yes,warmest and driest month
MKZ,3,March,28.1,129,tropical_rainforest,pleasant_peak,yes,hot with manageable rain
MKZ,4,April,28.4,179,tropical_rainforest,humid_season,no,hot and humid
MKZ,5,May,28.3,173,tropical_rainforest,humid_season,no,warm tropical showers
MKZ,6,June,28.0,121,tropical_rainforest,pleasant_peak,yes,warm and somewhat drier
MKZ,7,July,27.8,106,tropical_rainforest,pleasant_peak,yes,warm tropical weather
MKZ,8,August,27.8,120,tropical_rainforest,pleasant_peak,yes,warm and relatively dry
MKZ,9,September,27.6,156,tropical_rainforest,humid_season,no,humid with more rain
MKZ,10,October,27.6,218,tropical_rainforest,wet_season,no,wet inter-monsoon period
MKZ,11,November,27.2,217,tropical_rainforest,wet_season,no,humid and rainy
MKZ,12,December,27.0,160,tropical_rainforest,humid_season,no,warm with lingering rain
KJT,1,January,23.1,307,tropical_monsoon,wet_season,no,mild highland monsoon weather
KJT,2,February,23.3,247,tropical_monsoon,wet_season,no,warm with heavy rain
KJT,3,March,23.8,256,tropical_monsoon,wet_season,no,humid tropical highland weather
KJT,4,April,24.0,201,tropical_monsoon,wet_season,no,warm and rainy
KJT,5,May,23.7,116,tropical_monsoon,shoulder,no,mild with easing rain
KJT,6,June,22.9,63,tropical_monsoon,dry_season,yes,mild and relatively dry
KJT,7,July,22.5,35,tropical_monsoon,dry_season,yes,cooler and driest month
KJT,8,August,23.0,30,tropical_monsoon,dry_season,yes,mild dry-season weather
KJT,9,September,24.0,37,tropical_monsoon,dry_season,yes,warm and sunny
KJT,10,October,24.8,98,tropical_monsoon,shoulder,no,warm with rain returning
KJT,11,November,24.3,207,tropical_monsoon,wet_season,no,warm and rainy
KJT,12,December,23.5,309,tropical_monsoon,wet_season,no,mild and very wet
PDG,1,January,24.7,397,tropical_rainforest,wet_season,no,warm and very wet
PDG,2,February,24.8,352,tropical_rainforest,wet_season,no,warm with heavy rain
PDG,3,March,25.0,430,tropical_rainforest,wet_season,no,humid tropical weather
PDG,4,April,25.2,443,tropical_rainforest,wet_season,no,warm and very rainy
PDG,5,May,25.2,398,tropical_rainforest,wet_season,no,humid with frequent storms
PDG,6,June,24.8,260,tropical_rainforest,humid_season,no,warm with less rain
PDG,7,July,24.5,252,tropical_rainforest,humid_season,no,warm tropical weather
PDG,8,August,24.9,280,tropical_rainforest,humid_season,no,humid and showery
PDG,9,September,25.4,344,tropical_rainforest,wet_season,no,wet and humid
PDG,10,October,25.2,406,tropical_rainforest,wet_season,no,very wet shoulder month
PDG,11,November,24.9,448,tropical_rainforest,wet_season,no,wettest period
PDG,12,December,24.6,457,tropical_rainforest,wet_season,no,warm and very wet
PQC,1,January,26.8,40,tropical_monsoon,pleasant_peak,yes,warm and sunny
PQC,2,February,27.5,19,tropical_monsoon,pleasant_peak,yes,warmest and driest month
PQC,3,March,28.5,28,tropical_monsoon,pleasant_peak,yes,hot and beach-friendly
PQC,4,April,29.2,68,tropical_monsoon,pleasant_peak,yes,hot with manageable rain
PQC,5,May,29.0,192,tropical_monsoon,wet_season,no,humid with monsoon onset
PQC,6,June,28.4,300,tropical_monsoon,wet_season,no,very wet southwest monsoon
PQC,7,July,27.8,401,tropical_monsoon,wet_season,no,wettest period
PQC,8,August,27.7,364,tropical_monsoon,wet_season,no,humid and storm-prone
PQC,9,September,27.5,463,tropical_monsoon,wet_season,no,very wet and rainy
PQC,10,October,27.3,340,tropical_monsoon,wet_season,no,heavy late-monsoon rainfall
PQC,11,November,27.0,178,tropical_monsoon,pleasant_peak,yes,warm with improving weather
PQC,12,December,26.7,79,tropical_monsoon,pleasant_peak,yes,warm and drier
ILO,1,January,27.1,32,tropical_savanna,dry_season,yes,warm and dry
ILO,2,February,27.5,27,tropical_savanna,dry_season,yes,warmest and sunny
ILO,3,March,28.3,35,tropical_savanna,dry_season,yes,hot and mostly dry
ILO,4,April,29.0,58,tropical_savanna,dry_season,yes,hottest stretch
ILO,5,May,28.7,128,tropical_savanna,wet_season,no,humid with monsoon onset
ILO,6,June,27.9,199,tropical_savanna,wet_season,no,warm and rainy
ILO,7,July,27.4,248,tropical_savanna,wet_season,no,very wet peak monsoon
ILO,8,August,27.2,263,tropical_savanna,wet_season,no,humid and storm-prone
ILO,9,September,27.1,241,tropical_savanna,wet_season,no,warm and rainy
ILO,10,October,27.0,172,tropical_savanna,wet_season,no,humid with easing rain
ILO,11,November,27.0,101,tropical_savanna,dry_season,yes,warm with improving weather
ILO,12,December,26.8,58,tropical_savanna,dry_season,yes,warm and drier
LBJ,1,January,27.2,292,tropical_savanna,wet_season,no,hot and very wet
LBJ,2,February,27.3,238,tropical_savanna,wet_season,no,warm with heavy rain
LBJ,3,March,27.6,183,tropical_savanna,wet_season,no,humid tropical weather
LBJ,4,April,27.8,94,tropical_savanna,shoulder,no,warm with rain easing
LBJ,5,May,27.5,37,tropical_savanna,dry_season,yes,warm and relatively dry
LBJ,6,June,26.8,16,tropical_savanna,dry_season,yes,warm dry-season weather
LBJ,7,July,26.3,12,tropical_savanna,dry_season,yes,coolest and driest month
LBJ,8,August,26.5,8,tropical_savanna,dry_season,yes,warm and sunny
LBJ,9,September,27.4,12,tropical_savanna,dry_season,yes,hot and beach-friendly
LBJ,10,October,28.3,32,tropical_savanna,dry_season,yes,hottest dry-season month
LBJ,11,November,28.5,93,tropical_savanna,shoulder,no,hot with rain returning
LBJ,12,December,27.8,219,tropical_savanna,wet_season,no,hot and rainy
KBR,1,January,27.0,57,tropical_monsoon,pleasant_peak,yes,warm and fairly dry
KBR,2,February,27.4,40,tropical_monsoon,pleasant_peak,yes,warmest and relatively dry
KBR,3,March,28.0,88,tropical_monsoon,pleasant_peak,yes,hot with manageable rain
KBR,4,April,28.4,151,tropical_monsoon,shoulder,no,hot and more humid
KBR,5,May,28.3,177,tropical_monsoon,humid_season,no,warm with frequent showers
KBR,6,June,27.9,117,tropical_monsoon,pleasant_peak,yes,warm and somewhat drier
KBR,7,July,27.7,120,tropical_monsoon,pleasant_peak,yes,warm tropical weather
KBR,8,August,27.8,150,tropical_monsoon,humid_season,no,warm with some rain
KBR,9,September,27.5,202,tropical_monsoon,wet_season,no,warm with heavy rain
KBR,10,October,27.6,266,tropical_monsoon,wet_season,no,wettest period
KBR,11,November,27.2,201,tropical_monsoon,humid_season,no,humid and rainy
KBR,12,December,26.9,101,tropical_monsoon,pleasant_peak,yes,warm with improving weather
DAD,1,January,22.2,93,tropical_monsoon,pleasant_peak,yes,warm and fairly dry
DAD,2,February,23.3,32,tropical_monsoon,pleasant_peak,yes,warm and relatively dry
DAD,3,March,25.5,21,tropical_monsoon,pleasant_peak,yes,hot and sunny
DAD,4,April,27.8,24,tropical_monsoon,pleasant_peak,yes,hottest dry-season month
DAD,5,May,29.3,63,tropical_monsoon,shoulder,no,hot with storms building
DAD,6,June,29.3,87,tropical_monsoon,shoulder,no,hot and more humid
DAD,7,July,28.8,95,tropical_monsoon,wet_season,no,warm with regular rain
DAD,8,August,28.5,111,tropical_monsoon,wet_season,no,warm tropical showers
DAD,9,September,27.4,337,tropical_monsoon,wet_season,no,very wet monsoon month
DAD,10,October,25.8,613,tropical_monsoon,wet_season,no,wettest month
DAD,11,November,24.1,366,tropical_monsoon,wet_season,no,cooler and very rainy
DAD,12,December,22.3,199,tropical_monsoon,shoulder,no,warm with improving weather
CEI,1,January,21.5,14,tropical_savanna,dry_season,yes,coolest and dry
CEI,2,February,24.1,11,tropical_savanna,dry_season,yes,warm and sunny
CEI,3,March,26.8,28,tropical_savanna,hot_season,no,hot and dry
CEI,4,April,28.5,92,tropical_savanna,hot_season,no,very hot with storms building
CEI,5,May,27.2,213,tropical_savanna,wet_season,no,humid with monsoon onset
CEI,6,June,26.1,216,tropical_savanna,wet_season,no,warm and rainy
CEI,7,July,25.7,277,tropical_savanna,wet_season,no,warm with regular heavy rain
CEI,8,August,25.6,358,tropical_savanna,wet_season,no,wettest month
CEI,9,September,25.2,284,tropical_savanna,wet_season,no,humid and wet
CEI,10,October,24.6,124,tropical_savanna,shoulder,yes,warm with easing rain
CEI,11,November,22.8,50,tropical_savanna,pleasant_peak,yes,warm and comfortable
CEI,12,December,20.5,13,tropical_savanna,pleasant_peak,yes,mild and dry
SIN,1,January,27.0,238,tropical_rainforest,humid_season,no,warm with regular rain
SIN,2,February,27.5,112,tropical_rainforest,pleasant_peak,yes,warm and relatively drier
SIN,3,March,27.9,171,tropical_rainforest,humid_season,no,hot and humid
SIN,4,April,28.3,167,tropical_rainforest,humid_season,no,warm tropical showers
SIN,5,May,28.5,171,tropical_rainforest,humid_season,no,warm with frequent rain
SIN,6,June,28.3,130,tropical_rainforest,pleasant_peak,yes,warm and somewhat drier
SIN,7,July,28.1,154,tropical_rainforest,pleasant_peak,yes,warm tropical weather
SIN,8,August,28.1,176,tropical_rainforest,humid_season,no,warm with more showers
SIN,9,September,27.9,166,tropical_rainforest,humid_season,no,humid and showery
SIN,10,October,27.8,191,tropical_rainforest,humid_season,no,warm with more rain
SIN,11,November,27.3,252,tropical_rainforest,wet_season,no,very wet and humid
SIN,12,December,26.9,318,tropical_rainforest,wet_season,no,warm and rainiest period
